rank,player,team,position,pos_rank,tier,bye_week,owned_avg,rank_min,rank_max,rank_ave,rank_std
1,Jahmyr Gibbs,DET,RB,RB1,1,6,99.5,1,5,1.59,0.74
2,Bijan Robinson,ATL,RB,RB2,1,11,99.4,1,5,2.29,0.79
3,Ja'Marr Chase,CIN,WR,WR1,1,6,99.7,1,7,2.58,1.18
4,Puka Nacua,LAR,WR,WR2,1,11,99.7,1,10,4.34,1.42
5,Jaxon Smith-Njigba,SEA,WR,WR3,1,11,99.7,2,14,6.06,1.71
6,Amon-Ra St. Brown,DET,WR,WR4,1,6,99.7,4,19,6.70,1.68
7,Christian McCaffrey,SF,RB,RB3,1,8,99.6,3,20,8.43,3.98
8,Jonathan Taylor,IND,RB,RB4,1,13,99.4,3,20,8.63,2.85
9,CeeDee Lamb,DAL,WR,WR5,1,14,99.5,7,27,10.26,3.19
10,James Cook III,BUF,RB,RB5,2,7,99.5,5,26,10.75,3.85
11,Justin Jefferson,MIN,WR,WR6,2,6,99.4,6,47,11.54,5.16
12,Chase Brown,CIN,RB,RB6,2,6,98.8,8,33,15.72,5.36
13,Drake London,ATL,WR,WR7,2,11,99.1,8,34,16.00,5.05
14,Saquon Barkley,PHI,RB,RB7,2,10,99.5,7,30,17.11,5.38
15,A.J. Brown,NE,WR,WR8,2,11,99.3,8,35,17.15,6.16
16,De'Von Achane,MIA,RB,RB8,2,6,99.3,10,45,18.35,6.60
17,Nico Collins,HOU,WR,WR9,2,8,99.5,10,33,19.07,4.52
18,Brock Bowers,LV,TE,TE1,2,13,99.6,11,66,19.24,7.42
19,Omarion Hampton,LAC,RB,RB9,2,7,99.3,10,45,20.10,6.26
20,Derrick Henry,BAL,RB,RB10,2,13,99.2,10,37,20.79,5.49
21,Kenneth Walker III,KC,RB,RB11,2,5,99.2,9,55,21.45,9.77
22,George Pickens,DAL,WR,WR10,2,14,99.3,9,41,22.91,5.49
23,Ashton Jeanty,LV,RB,RB12,2,13,99.4,5,58,23.01,9.65
24,Chris Olave,NO,WR,WR11,2,8,98.2,9,39,23.68,5.92
25,Trey McBride,ARI,TE,TE2,3,14,99.4,12,61,24.45,8.37
26,Josh Allen,BUF,QB,QB1,3,7,99.8,19,48,28.45,6.11
27,Malik Nabers,NYG,WR,WR12,3,8,98.8,9,54,28.94,9.26
28,Rashee Rice,KC,WR,WR13,3,5,98.9,11,49,29.39,8.43
29,DeVonta Smith,PHI,WR,WR14,3,10,98.9,17,50,29.95,6.53
30,Zay Flowers,BAL,WR,WR15,3,13,98.3,21,56,33.04,6.84
31,Kyren Williams,LAR,RB,RB13,3,11,97.9,17,55,33.63,7.91
32,Tee Higgins,CIN,WR,WR16,3,6,97.1,19,52,36.43,6.11
33,Javonte Williams,DAL,RB,RB14,3,14,98.1,18,63,37.35,8.02
34,Breece Hall,NYJ,RB,RB15,3,13,97.4,20,53,37.92,7.61
35,Tetairoa McMillan,CAR,WR,WR17,3,5,98.0,23,58,37.97,6.45
36,Lamar Jackson,BAL,QB,QB2,3,13,99.2,23,77,38.20,12.60
37,Josh Jacobs,GB,RB,RB16,3,11,98.2,17,60,38.75,8.58
38,Garrett Wilson,NYJ,WR,WR18,3,13,96.7,25,61,39.16,7.23
39,Ladd McConkey,LAC,WR,WR19,3,7,97.2,21,65,39.55,7.50
40,Jaylen Waddle,DEN,WR,WR20,3,10,96.9,25,70,39.58,8.14
41,Emeka Egbuka,TB,WR,WR21,4,10,97.5,16,68,41.17,8.46
42,Colston Loveland,CHI,TE,TE3,4,10,99.4,22,104,41.40,14.14
43,Jeremiyah Love,ARI,RB,RB17,4,14,98.4,26,66,41.51,8.88
44,Drake Maye,NE,QB,QB3,4,11,99.3,25,90,43.93,16.30
45,Travis Etienne Jr.,NO,RB,RB18,4,8,96.7,26,64,45.81,7.73
46,Terry McLaurin,WAS,WR,WR22,4,7,94.1,31,79,48.37,7.38
47,Davante Adams,LAR,WR,WR23,4,11,96.2,35,74,49.73,7.91
48,D'Andre Swift,CHI,RB,RB19,4,10,93.5,25,67,49.88,8.73
49,Joe Burrow,CIN,QB,QB4,4,6,98.0,27,100,50.72,14.82
50,Luther Burden III,CHI,WR,WR24,4,10,94.0,27,80,51.62,10.28
51,Cam Skattebo,NYG,RB,RB20,4,8,97.8,32,71,53.41,7.96
52,Jameson Williams,DET,WR,WR25,4,6,93.6,35,89,53.79,10.50
53,Tyler Warren,IND,TE,TE4,4,13,98.7,24,84,54.06,11.90
54,Bucky Irving,TB,RB,RB21,4,10,96.0,24,77,54.79,8.14
55,Quinshon Judkins,CLE,RB,RB22,4,11,95.0,33,72,55.35,7.98
56,David Montgomery,HOU,RB,RB23,4,8,93.3,37,86,55.75,8.09
57,DJ Moore,BUF,WR,WR26,4,7,94.7,21,101,56.13,13.57
58,Christian Watson,GB,WR,WR27,4,11,89.6,35,100,56.60,10.40
59,Jayden Daniels,WAS,QB,QB5,4,7,98.1,27,103,57.08,15.75
60,Mike Evans,SF,WR,WR28,4,8,90.7,35,87,57.46,10.97
61,Rome Odunze,CHI,WR,WR29,4,10,93.6,39,88,58.01,9.68
62,Jalen Hurts,PHI,QB,QB6,4,10,97.3,29,100,59.73,12.40
63,Bhayshul Tuten,JAC,RB,RB24,4,7,92.0,33,89,61.34,9.96
64,TreVeyon Henderson,NE,RB,RB25,5,11,93.2,39,97,65.16,10.27
65,Jadarian Price,SEA,RB,RB26,5,11,89.9,35,116,65.67,9.83
66,Parker Washington,JAC,WR,WR30,5,7,87.0,44,114,69.26,15.58
67,Caleb Williams,CHI,QB,QB7,5,10,94.3,27,122,69.37,15.23
68,Tucker Kraft,GB,TE,TE5,5,11,93.2,34,109,71.65,11.99
69,Marvin Harrison Jr.,ARI,WR,WR31,5,14,90.1,48,108,73.25,11.54
70,Rhamondre Stevenson,NE,RB,RB27,5,11,88.2,55,113,73.26,10.01
71,Justin Herbert,LAC,QB,QB8,5,7,91.5,36,140,73.71,15.41
72,Jaylen Warren,PIT,RB,RB28,5,9,88.4,59,100,74.25,8.52
73,Carnell Tate,TEN,WR,WR32,5,9,91.5,50,134,74.53,14.08
74,Trevor Lawrence,JAC,QB,QB9,5,7,89.7,36,127,78.87,13.69
75,Brian Thomas Jr.,JAC,WR,WR33,5,7,88.0,50,126,78.93,13.31
76,DK Metcalf,PIT,WR,WR34,5,9,89.7,50,115,79.49,12.05
77,Tony Pollard,TEN,RB,RB29,5,9,86.1,55,112,79.49,10.23
78,Dak Prescott,DAL,QB,QB10,5,14,92.4,36,165,79.84,17.49
79,Harold Fannin Jr.,CLE,TE,TE6,5,11,95.1,54,182,81.07,17.86
80,Rico Dowdle,PIT,RB,RB30,5,9,86.2,58,119,82.73,11.08
81,Sam LaPorta,DET,TE,TE7,5,6,95.3,56,130,82.90,13.16
82,Chris Godwin Jr.,TB,WR,WR35,5,10,78.8,61,125,83.51,13.42
83,Kyle Pitts Sr.,ATL,TE,TE8,5,11,96.2,59,114,84.48,9.51
84,Jonathon Brooks,CAR,RB,RB31,5,5,80.2,55,149,85.07,18.35
85,Courtland Sutton,DEN,WR,WR36,5,10,88.2,54,119,85.66,13.63
86,J.K. Dobbins,DEN,RB,RB32,5,10,82.6,65,125,89.84,13.25
87,Michael Pittman Jr.,PIT,WR,WR37,5,9,82.5,61,121,90.95,12.97
88,Michael Wilson,ARI,WR,WR38,5,14,85.3,60,143,92.91,16.12
89,Quentin Johnston,LAC,WR,WR39,5,7,75.6,63,134,93.08,13.06
90,Brock Purdy,SF,QB,QB11,6,8,85.8,36,132,96.24,13.99
91,Chuba Hubbard,CAR,RB,RB33,6,5,85.7,66,134,96.31,16.35
92,Blake Corum,LAR,RB,RB34,6,11,79.8,68,135,96.65,13.88
93,George Kittle,SF,TE,TE9,6,8,90.1,34,221,97.25,19.50
94,Josh Downs,IND,WR,WR40,6,13,77.8,60,139,97.42,16.68
95,Alec Pierce,IND,WR,WR41,6,13,83.6,69,175,98.15,19.85
96,Jaxson Dart,NYG,QB,QB12,6,8,92.7,57,198,99.07,18.75
97,RJ Harvey,DEN,RB,RB35,6,10,81.9,61,145,100.63,17.29
98,Jacory Croskey-Merritt,WAS,RB,RB36,6,7,75.9,71,133,100.74,13.53
99,Wan'Dale Robinson,TEN,WR,WR42,6,9,72.3,63,132,101.28,15.67
100,Stefon Diggs,WAS,WR,WR43,6,7,78.4,59,220,101.84,29.83
101,Bo Nix,DEN,QB,QB13,6,10,88.3,69,170,102.44,15.40
102,Patrick Mahomes II,KC,QB,QB14,6,5,87.1,62,166,102.69,16.68
103,Travis Kelce,KC,TE,TE10,6,5,91.1,66,172,104.05,16.05
104,Jordan Addison,MIN,WR,WR44,6,6,79.7,74,163,104.89,16.93
105,Kenny Gainwell,TB,RB,RB37,6,10,79.2,71,132,106.19,12.93
106,Jordan Mason,MIN,RB,RB38,6,6,70.3,67,146,106.52,16.51
107,Jayden Reed,GB,WR,WR45,6,11,77.8,68,151,106.68,16.83
108,Matthew Stafford,LAR,QB,QB15,6,11,91.6,62,184,107.41,19.66
109,Kyle Monangai,CHI,RB,RB39,6,10,79.5,71,151,108.26,15.20
110,Jared Goff,DET,QB,QB16,6,6,75.2,58,190,109.60,17.33
111,Jakobi Meyers,JAC,WR,WR46,6,7,72.3,71,153,109.78,17.51
112,Rachaad White,WAS,RB,RB40,6,7,70.0,79,191,111.92,16.23
113,Dalton Kincaid,BUF,TE,TE11,6,7,83.8,76,222,112.00,18.67
114,Makai Lemon,PHI,WR,WR47,6,10,77.8,75,165,112.08,20.31
115,Aaron Jones Sr.,MIN,RB,RB41,6,6,73.8,77,147,113.66,14.81
116,Dallas Goedert,PHI,TE,TE12,6,10,85.6,84,170,117.47,15.82
117,Isaiah Likely,NYG,TE,TE13,6,8,81.3,84,255,122.38,31.89
118,KC Concepcion,CLE,WR,WR48,6,11,64.8,82,257,123.76,26.97
119,Baker Mayfield,TB,QB,QB17,6,10,59.6,62,221,123.95,19.16
120,Kyler Murray,MIN,QB,QB18,6,6,66.2,77,205,117.41,17.96
121,Jordan Love,GB,QB,QB19,6,11,54.9,75,232,124.98,19.99
122,Chris Rodriguez Jr.,JAC,RB,RB42,6,7,43.6,92,210,127.41,17.47
123,Mark Andrews,BAL,TE,TE14,6,13,81.6,86,204,128.30,21.76
124,Xavier Worthy,KC,WR,WR49,6,5,64.2,87,196,128.38,17.52
125,Romeo Doubs,NE,WR,WR50,6,11,58.5,81,192,130.20,18.03
126,Matthew Golden,GB,WR,WR51,6,11,73.7,83,208,131.14,23.27
127,Jalen Coker,CAR,WR,WR52,6,5,49.0,87,197,131.28,20.37
128,Tyler Shough,NO,QB,QB20,6,8,43.5,88,289,131.61,26.65
129,Woody Marks,HOU,RB,RB43,6,8,49.9,79,189,131.91,15.31
130,Tyler Allgeier,ARI,RB,RB44,6,14,43.3,97,161,131.92,12.68
131,Jake Ferguson,DAL,TE,TE15,6,14,84.0,93,184,124.83,17.86
132,Khalil Shakir,BUF,WR,WR53,6,7,60.1,91,167,132.19,15.17
133,Jordyn Tyson,NO,WR,WR54,6,8,69.7,91,244,137.87,31.42
134,Tyjae Spears,TEN,RB,RB45,7,9,40.4,107,221,143.31,19.82
135,Deebo Samuel Sr.,SF,WR,WR55,7,8,60.2,79,244,139.98,35.45
136,Malik Willis,MIA,QB,QB21,7,6,39.1,92,655,141.39,58.69
137,Keaton Mitchell,LAC,RB,RB46,7,7,33.1,102,300,145.14,28.35
138,Juwan Johnson,NO,TE,TE16,7,8,46.9,105,260,139.03,23.66
139,Tank Bigsby,PHI,RB,RB47,7,10,29.9,106,294,154.50,22.09
140,Sam Darnold,SEA,QB,QB22,7,11,38.8,104,297,149.35,26.45
141,Hunter Henry,NE,TE,TE17,7,11,64.6,117,235,157.92,21.74
142,Jonah Coleman,DEN,RB,RB48,7,10,30.1,103,297,151.42,31.63
143,Zach Charbonnet,SEA,RB,RB49,7,11,57.5,101,253,144.59,24.63
144,Rashid Shaheed,SEA,WR,WR56,7,11,47.0,109,194,147.94,15.97
145,De'Zhaun Stribling,SF,WR,WR57,7,8,47.4,75,269,133.62,40.69
146,C.J. Stroud,HOU,QB,QB23,7,8,32.7,107,296,154.18,27.51
147,Dylan Sampson,CLE,RB,RB50,7,11,18.9,117,268,154.19,23.41
148,Brenton Strange,JAC,TE,TE18,7,7,42.4,111,228,154.71,22.98
149,Tyrone Tracy Jr.,NYG,RB,RB51,7,8,33.4,113,277,154.89,31.46
150,Isiah Pacheco,DET,RB,RB52,7,6,38.5,118,246,155.81,24.66
151,Alvin Kamara,NO,RB,RB53,7,8,41.9,113,296,162.87,34.69
152,Chig Okonkwo,WAS,TE,TE19,7,7,37.5,112,271,163.77,28.65
153,Dalton Schultz,HOU,TE,TE20,7,8,25.9,111,238,168.33,26.04
154,Cam Ward,TEN,QB,QB24,7,9,18.2,107,486,170.52,42.16
155,Daniel Jones,IND,QB,QB25,7,13,34.4,111,299,159.07,30.84
156,Brian Robinson Jr.,ATL,RB,RB54,7,11,36.3,131,254,161.09,19.18
157,Adonai Mitchell,NYJ,WR,WR58,7,13,14.3,115,241,169.38,23.47
158,Denzel Boston,CLE,WR,WR59,7,11,35.2,109,313,156.08,32.22
159,Braelon Allen,NYJ,RB,RB55,7,13,16.0,103,341,164.57,32.50
160,MarShawn Lloyd,GB,RB,RB56,7,11,18.8,117,312,172.73,48.17
161,Tre Tucker,LV,WR,WR60,7,13,20.3,116,264,168.79,25.91
162,Jauan Jennings,MIN,WR,WR61,7,6,25.5,108,276,170.43,31.06
163,Jalen McMillan,TB,WR,WR62,7,10,21.8,124,296,173.99,27.91
164,Jerry Jeudy,CLE,WR,WR63,7,11,28.2,125,264,175.05,26.87
165,Mike Washington Jr.,LV,RB,RB57,7,13,41.7,105,298,155.43,39.19
166,Ray Davis,BUF,RB,RB58,7,7,12.0,128,250,188.21,29.02
167,AJ Barner,SEA,TE,TE21,7,11,20.8,123,265,196.10,24.10
168,Tre' Harris,LAC,WR,WR64,7,7,9.4,125,276,184.17,28.14
169,Bryce Young,CAR,QB,QB26,7,5,23.3,121,484,189.17,45.02
170,T.J. Hockenson,MIN,TE,TE22,7,6,50.1,110,257,196.46,28.26
171,Dontayvion Wicks,PHI,WR,WR65,8,10,12.2,122,268,190.51,32.32
172,Terrance Ferguson,LAR,TE,TE23,8,11,18.9,111,391,199.26,45.77
173,Kayshon Boutte,HOU,WR,WR66,8,8,16.3,118,311,182.88,29.54
174,Emmett Johnson,KC,RB,RB59,8,5,19.8,126,285,185.25,33.53
175,Oronde Gadsden II,LAC,TE,TE24,8,7,33.2,106,289,192.53,39.29
176,Jalen Nailor,LV,WR,WR67,8,13,28.1,115,309,192.71,35.19
177,Omar Cooper Jr.,NYJ,WR,WR68,8,13,24.7,129,318,188.02,36.76
178,Pat Bryant,DEN,WR,WR69,8,10,7.2,128,302,194.93,30.33
179,Ryan Flournoy,DAL,WR,WR70,8,14,9.4,135,330,188.48,30.16
180,Malik Washington,MIA,WR,WR71,8,6,16.4,135,295,199.07,34.01
181,Sean Tucker,TB,RB,RB60,8,10,10.8,142,337,194.98,36.17
182,Jacoby Brissett,ARI,QB,QB27,8,14,16.3,126,483,210.27,47.70
183,Kimani Vidal,LAC,RB,RB61,8,7,6.6,149,371,193.97,36.65
184,Calvin Ridley,TEN,WR,WR72,8,9,12.7,134,310,201.35,34.11
185,Kenyon Sadiq,NYJ,TE,TE25,8,13,52.4,141,374,210.75,34.56
186,Keenan Allen,IND,WR,WR73,8,13,23.0,108,301,200.05,59.51
187,Tank Dell,HOU,WR,WR74,8,8,28.1,132,292,208.52,35.60
188,Nicholas Singleton,TEN,RB,RB62,8,9,16.6,138,336,205.92,39.16
189,Jaylin Noel,HOU,WR,WR75,8,8,6.7,139,299,200.20,28.77
190,Gunnar Helm,TEN,TE,TE26,8,9,8.4,149,289,221.49,25.96
191,Travis Hunter,JAC,WR,WR76,8,7,65.8,83,302,189.70,38.84
192,Houston Texans,HOU,DST,DST1,8,8,97.9,121,311,155.76,23.58
193,Denver Broncos,DEN,DST,DST2,8,10,97.3,131,313,164.92,22.58
194,Geno Smith,NYJ,QB,QB28,8,13,8.1,132,488,237.49,42.57
195,Seattle Seahawks,SEA,DST,DST3,8,11,96.7,132,317,168.08,21.81
196,Los Angeles Rams,LAR,DST,DST4,8,11,86.9,114,315,168.41,22.59
197,Jaydon Blue,DAL,RB,RB63,8,14,8.0,126,370,212.69,45.14
198,Isaac TeSlaa,DET,WR,WR77,8,6,10.4,157,302,213.27,25.66
199,Rashod Bateman,BAL,WR,WR78,8,13,6.8,162,295,220.35,28.79
200,Cade Otton,TB,TE,TE27,8,10,14.9,179,287,235.47,23.41
201,Pat Freiermuth,PIT,TE,TE28,8,9,11.7,154,289,229.09,27.14
202,Kaytron Allen,WAS,RB,RB64,8,7,12.4,142,338,216.50,40.34
203,Aaron Rodgers,PIT,QB,QB29,8,9,12.1,124,485,232.93,46.35
204,Philadelphia Eagles,PHI,DST,DST5,8,10,85.3,134,319,175.94,22.63
205,Jacksonville Jaguars,JAC,DST,DST6,8,7,68.8,147,342,191.66,30.35
206,Emanuel Wilson,SEA,RB,RB65,8,11,4.0,134,335,209.97,38.60
207,New England Patriots,NE,DST,DST7,8,11,83.8,155,366,188.10,27.30
208,Pittsburgh Steelers,PIT,DST,DST8,8,9,67.5,152,336,188.78,25.72
209,Brandon Aubrey,DAL,K,K1,8,14,99.7,111,310,183.24,23.89
210,Los Angeles Chargers,LAC,DST,DST9,8,7,44.6,156,329,193.19,24.46
211,Minnesota Vikings,MIN,DST,DST10,8,6,62.8,151,325,186.93,23.23
212,Cameron Dicker,LAC,K,K2,8,7,97.3,136,318,194.51,24.40
213,James Conner,ARI,RB,RB66,8,14,18.0,121,344,203.71,39.54
214,Darnell Mooney,NYG,WR,WR79,8,8,9.7,167,368,218.90,26.89
215,Ka'imi Fairbairn,HOU,K,K3,8,8,91.7,110,314,191.96,21.71
216,Cooper Kupp,SEA,WR,WR80,8,11,15.1,158,301,229.29,27.78
217,Cam Little,JAC,K,K4,8,7,91.8,148,316,199.06,21.87
218,George Holani,SEA,RB,RB67,8,11,5.1,151,555,235.18,49.48
219,Troy Franklin,DEN,WR,WR81,8,10,4.8,145,314,216.08,36.66
220,Baltimore Ravens,BAL,DST,DST11,8,13,56.3,160,331,198.41,24.41
221,Kansas City Chiefs,KC,DST,DST12,8,5,21.2,175,348,213.96,29.09
222,Jason Myers,SEA,K,K5,8,11,96.6,137,318,199.72,21.39
223,Jaylen Wright,MIA,RB,RB68,8,6,4.6,159,340,222.81,30.08
224,Tyler Loop,BAL,K,K6,8,13,56.0,154,322,210.99,22.30
225,David Njoku,LAC,TE,TE29,9,7,15.6,149,352,242.05,31.16
226,Eddy Pineiro,SF,K,K7,9,8,61.9,155,320,209.49,20.43
227,Jake Bates,DET,K,K8,9,6,67.4,156,324,224.93,22.24
228,Green Bay Packers,GB,DST,DST13,9,11,29.7,156,350,205.20,32.49
229,Germie Bernard,PIT,WR,WR82,9,9,12.5,159,336,231.67,29.15
230,Fernando Mendoza,LV,QB,QB30,9,13,26.0,170,708,266.89,57.80
231,Harrison Mevis,LAR,K,K9,9,11,70.8,157,334,229.74,23.25
232,Evan Engram,DEN,TE,TE30,9,10,8.0,195,299,251.77,22.67
233,Zachariah Branch,ATL,WR,WR83,9,11,17.1,153,295,231.07,34.60
234,Malachi Fields,NYG,WR,WR84,9,8,10.2,137,345,240.26,35.08
235,Colby Parkinson,LAR,TE,TE31,9,11,11.5,204,343,254.76,22.79
236,Cairo Santos,CHI,K,K10,9,10,28.4,174,328,220.30,23.22
237,Devaughn Vele,NO,WR,WR85,9,8,7.6,154,302,249.24,37.20
238,Buffalo Bills,BUF,DST,DST14,9,7,30.7,178,353,228.41,30.21
239,Detroit Lions,DET,DST,DST15,9,6,61.1,164,339,221.17,33.13
240,Kaelon Black,SF,RB,RB69,9,8,11.2,128,321,222.89,52.14
241,Ollie Gordon II,MIA,RB,RB70,9,6,2.3,159,456,237.54,33.65
242,Justice Hill,BAL,RB,RB71,9,13,8.8,141,303,235.51,35.64
243,Demond Claiborne,MIN,RB,RB72,9,6,9.5,140,336,237.28,35.76
244,Chase McLaughlin,TB,K,K11,9,10,16.2,176,330,230.37,24.03
245,Antonio Williams,WAS,WR,WR86,9,7,16.6,146,367,230.71,42.20
246,Jack Bech,LV,WR,WR87,9,13,3.5,149,327,245.39,30.99
247,Keon Coleman,BUF,WR,WR88,9,7,5.0,180,339,248.44,31.31
248,Andy Borregales,NE,K,K12,9,11,23.3,178,332,227.84,24.18
249,Isaiah Davis,NYJ,RB,RB73,9,13,1.9,172,372,249.84,29.99
250,Tua Tagovailoa,ATL,QB,QB31,9,11,13.1,142,706,276.62,56.12
251,Tory Horton,SEA,WR,WR89,9,11,4.1,192,364,258.75,27.64
252,Evan McPherson,CIN,K,K13,9,6,38.9,175,326,215.81,23.81
253,Elic Ayomanor,TEN,WR,WR90,9,9,3.0,179,349,249.55,33.06
254,Ja'Kobi Lane,BAL,WR,WR91,9,13,21.8,148,339,222.09,48.21
255,Chris Brooks,GB,RB,RB74,9,11,1.8,174,557,259.16,42.50
256,Najee Harris,NYG,RB,RB75,9,8,8.1,153,346,239.71,50.99
257,Cleveland Browns,CLE,DST,DST16,9,11,20.4,160,341,219.69,34.91
258,Jordan James,SF,RB,RB76,9,8,5.0,174,365,256.72,34.54
259,Samaje Perine,CIN,RB,RB77,9,6,4.7,146,392,257.21,40.12
260,Ted Hurst III,TB,WR,WR92,9,10,9.4,169,396,245.28,37.00
261,Harrison Butker,KC,K,K14,9,5,44.1,192,340,246.88,26.10
262,Ty Johnson,BUF,RB,RB78,9,7,1.7,172,386,256.26,30.91
263,Chimere Dike,TEN,WR,WR93,9,9,4.7,163,346,243.08,35.22
264,Chris Boswell,PIT,K,K15,9,9,32.3,184,336,240.86,20.79
265,Tyquan Thornton,KC,WR,WR94,9,5,3.6,162,331,255.81,34.05
266,LeQuint Allen Jr.,JAC,RB,RB79,9,7,2.4,186,558,271.91,40.92
267,Michael Penix Jr.,ATL,QB,QB32,9,11,5.3,156,487,287.23,39.05
268,Chris Bell,MIA,WR,WR95,9,6,11.6,139,304,245.74,38.80
269,Kirk Cousins,LV,QB,QB33,9,13,5.8,175,657,289.28,50.33
270,Wil Lutz,DEN,K,K16,9,10,9.7,177,342,262.89,29.40
271,Greg Dulcich,MIA,TE,TE32,9,6,14.5,129,356,204.66,42.05
272,Darius Slayton,NYG,WR,WR96,9,8,2.2,200,368,266.20,27.49
273,Malik Davis,DAL,RB,RB80,9,14,2.4,174,357,257.85,29.09
274,DJ Giddens,IND,RB,RB81,9,13,1.4,196,552,268.81,39.16
275,Christian Kirk,SF,WR,WR97,9,8,6.6,175,377,264.11,33.63
276,Xavier Legette,CAR,WR,WR98,9,5,2.0,201,329,268.34,29.06
277,Mason Taylor,NYJ,TE,TE33,9,13,4.1,219,357,270.43,28.49
278,Deshaun Watson,CLE,QB,QB34,9,11,9.6,205,656,294.76,48.28
279,Elijah Sarratt,BAL,WR,WR99,9,13,8.4,197,315,258.95,22.99
280,Theo Johnson,NYG,TE,TE34,9,8,3.7,180,344,269.53,32.58
281,Will Reichard,MIN,K,K17,9,6,42.8,159,338,250.46,29.15
282,Seth McGowan,IND,RB,RB82,9,13,2.3,156,355,259.16,41.80
283,Shedeur Sanders,CLE,QB,QB35,9,11,6.5,194,705,296.68,53.14
284,Caleb Douglas,MIA,WR,WR100,9,6,8.5,118,331,210.39,53.95
285,Marvin Mims Jr.,DEN,WR,WR101,9,10,6.2,200,376,269.73,28.26
286,Devin Neal,NO,RB,RB83,9,8,3.7,161,453,258.35,45.03
287,Kendre Miller,NO,RB,RB84,9,8,3.5,156,387,274.49,36.02
288,Adam Randall,BAL,RB,RB85,9,13,3.2,157,367,273.58,35.33
289,Emari Demercado,KC,RB,RB86,9,5,1.4,168,347,283.84,27.86
290,Brashard Smith,KC,RB,RB87,9,5,2.6,213,568,286.54,41.11
291,San Francisco 49ers,SF,DST,DST17,9,8,17.1,199,360,258.96,29.39
292,Devin Singletary,NYG,RB,RB88,9,8,0.9,218,390,286.63,27.30
293,Eli Stowers,PHI,TE,TE35,9,10,13.2,189,376,274.04,38.40
294,Atlanta Falcons,ATL,DST,DST18,9,11,10.1,186,355,269.17,40.03
295,Trey Benson,ARI,RB,RB89,9,14,3.7,147,375,265.36,38.59
296,Hollywood Brown,PHI,WR,WR102,9,10,2.9,215,385,285.74,24.56
297,Trevor Etienne,CAR,RB,RB90,9,5,1.0,233,644,304.90,48.12
298,Cyrus Allen,KC,WR,WR103,9,5,10.8,128,325,222.46,56.88
299,Tahj Brooks,CIN,RB,RB91,10,6,0.8,245,659,305.49,50.53
300,New Orleans Saints,NO,DST,DST19,10,8,17.4,170,355,262.17,35.72
301,Mack Hollins,NE,WR,WR104,10,11,2.5,207,395,281.18,32.17
302,Kyle Williams,NE,WR,WR105,10,11,2.5,198,515,272.49,43.73
303,Mike Gesicki,CIN,TE,TE36,10,6,4.0,194,358,263.88,30.24
304,Kaleb Johnson,PIT,RB,RB92,10,9,3.1,151,560,278.41,51.91
305,Isaac Guerendo,SF,RB,RB93,10,8,1.1,221,641,300.74,53.81
306,Isaiah Bond,CLE,WR,WR106,10,11,1.0,224,384,287.54,28.86
307,Jerome Ford,WAS,RB,RB94,10,7,1.9,230,491,289.12,36.56
308,Jarquez Hunter,LAR,RB,RB95,10,11,1.5,255,493,308.12,34.56
309,Audric Estime,NO,RB,RB96,10,8,1.7,257,497,307.59,35.12
310,Jaleel McLaughlin,DEN,RB,RB97,10,10,0.6,227,556,305.27,47.40
311,Skyler Bell,BUF,WR,WR107,10,7,6.8,209,512,291.35,42.73
312,Charlie Smyth,NO,K,K18,10,8,2.3,196,490,287.48,46.13
313,Brandon Aiyuk,SF,WR,WR108,10,8,11.5,147,522,269.84,56.65
314,Indianapolis Colts,IND,DST,DST20,10,13,15.9,184,362,277.38,35.71
315,Will Shipley,PHI,RB,RB98,10,10,0.8,244,563,322.00,47.56
316,Andrei Iosivas,CIN,WR,WR109,10,6,2.1,187,330,272.51,33.81
317,Chicago Bears,CHI,DST,DST21,10,10,13.1,168,379,271.26,51.19
318,Jake Tonges,SF,TE,TE37,10,8,5.6,200,362,282.10,33.58
319,Tyreek Hill,FA,WR,WR110,10,,15.1,164,385,269.10,43.31
320,Darnell Washington,PIT,TE,TE38,10,9,6.9,204,385,286.94,38.37
321,Darren Waller,CAR,TE,TE39,10,5,5.3,182,391,260.00,43.55
322,Oscar Delp,NO,TE,TE40,10,8,4.4,226,382,293.13,41.51
323,Michael Mayer,LV,TE,TE41,10,13,6.5,216,388,292.02,39.84
324,Jahan Dotson,ATL,WR,WR111,10,11,2.6,140,529,275.82,67.36
325,DeMario Douglas,NE,WR,WR112,10,11,3.2,177,395,282.34,54.71
326,Kareem Hunt,FA,RB,RB99,10,,0.9,266,501,318.67,39.96
327,Elijah Arroyo,SEA,TE,TE42,10,11,2.2,213,418,303.65,41.12
328,Carson Beck,ARI,QB,QB36,10,14,7.2,202,701,324.24,69.08
329,Jalen Tolbert,MIA,WR,WR113,10,6,3.9,188,532,292.58,63.48
330,Bryce Lance,NO,WR,WR114,10,8,2.2,184,538,289.80,61.30
331,Joe Mixon,FA,RB,RB100,10,,5.7,245,503,313.61,43.43
332,J.J. McCarthy,MIN,QB,QB37,10,6,3.7,194,702,324.11,73.13
333,Erick All Jr.,CIN,TE,TE43,10,6,0.6,233,463,310.17,49.06
334,Charlie Kolar,LAC,TE,TE44,10,7,1.4,193,434,281.67,62.08
335,Xavier Hutchinson,HOU,WR,WR115,11,8,2.9,182,398,272.97,52.55
336,Konata Mumpfield,LAR,WR,WR116,11,11,0.6,244,543,313.48,53.77
337,Dallas Cowboys,DAL,DST,DST22,11,14,22.7,179,378,257.83,57.26
338,Eli Raridon,NE,TE,TE45,11,11,3.6,211,410,317.53,50.87
339,Cedric Tillman,CLE,WR,WR117,11,11,0.6,260,384,309.65,31.16
340,Cole Kmet,CHI,TE,TE46,11,10,4.1,256,399,318.94,29.44
341,Dawson Knox,BUF,TE,TE47,11,7,4.2,247,410,323.06,36.22
342,Tyler Higbee,LAR,TE,TE48,11,11,1.7,258,431,322.27,36.63
343,Luke McCaffrey,WAS,WR,WR118,11,7,0.8,271,555,323.63,51.61
344,Brenen Thompson,LAC,WR,WR119,11,7,2.8,244,558,314.93,56.69
345,Calvin Austin III,NYG,WR,WR120,11,8,1.5,234,546,315.17,55.65
346,Tez Johnson,TB,WR,WR121,11,10,0.9,190,368,298.71,38.52
347,Mac Jones,SF,QB,QB38,11,8,2.6,274,716,342.00,73.11
348,Noah Gray,KC,TE,TE49,11,5,1.5,273,414,323.55,34.17
349,Jalen Royals,KC,WR,WR122,11,5,0.6,235,520,319.21,51.29
350,Bam Knight,ARI,RB,RB101,11,14,0.7,254,507,309.37,47.20
351,Max Klare,LAR,TE,TE50,11,11,8.1,259,480,332.54,45.32
352,Olamide Zaccheaus,ATL,WR,WR123,11,11,1.2,239,350,304.27,30.18
353,Kendrick Bourne,ARI,WR,WR124,11,14,2.1,187,364,283.12,46.35
354,Joshua Palmer,BUF,WR,WR125,11,7,0.7,244,345,294.56,32.75
355,Chris Brazzell II,CAR,WR,WR126,11,5,5.5,226,561,295.80,66.52
356,Ja'Tavion Sanders,CAR,TE,TE51,11,5,1.2,255,416,323.80,40.79
357,Justin Fields,KC,QB,QB39,11,5,2.6,289,704,352.58,74.49
358,Treylon Burks,WAS,WR,WR127,11,7,1.7,206,567,319.26,75.84
359,Jake Elliott,PHI,K,K19,11,10,8.8,215,366,294.77,38.71
360,Ty Simpson,LAR,QB,QB40,11,11,8.3,290,703,358.38,77.30
361,Eli Heidenreich,PIT,RB,RB102,11,9,1.3,220,550,328.23,73.39
362,Michael Carter,TEN,RB,RB103,11,9,0.6,276,509,339.29,54.59
363,Jawhar Jordan,HOU,RB,RB104,11,8,0.6,281,514,341.95,52.63
364,Justin Joly,DEN,TE,TE52,11,10,5.0,260,414,327.75,39.60
365,Carolina Panthers,CAR,DST,DST23,11,5,3.1,219,384,292.78,49.77
366,Tyler Bass,BUF,K,K20,11,7,8.4,214,371,284.71,46.97
367,Savion Williams,GB,WR,WR128,11,11,0.8,234,570,343.67,64.40
368,Kalif Raymond,CHI,WR,WR129,11,10,0.6,224,579,315.59,76.30
369,Malik Benson,LV,WR,WR130,11,13,1.3,226,576,322.47,77.11
370,Anthony Richardson Sr.,IND,QB,QB41,11,13,8.5,292,748,363.28,97.52
371,Kevin Coleman Jr.,MIA,WR,WR131,11,6,1.0,236,573,335.59,76.23
372,Dont'e Thornton Jr.,LV,WR,WR132,11,13,0.7,275,585,339.53,73.10
373,New York Giants,NYG,DST,DST24,11,8,17.9,171,355,267.00,52.20
374,KaVontae Turpin,DAL,WR,WR133,11,14,2.5,217,594,312.75,86.31
375,Roman Wilson,PIT,WR,WR134,11,9,0.6,219,614,315.94,90.87
376,John Metchie III,CAR,WR,WR135,11,5,1.3,247,400,322.25,42.97
377,Raheim Sanders,CLE,RB,RB105,11,11,0.6,262,521,340.13,70.20
378,Noah Fant,NO,TE,TE53,11,8,1.3,279,418,347.88,37.91
379,Roschon Johnson,CHI,RB,RB106,11,10,0.6,269,646,351.38,95.77
380,Joe Flacco,CIN,QB,QB42,11,6,1.5,292,707,360.38,92.52
381,Tampa Bay Buccaneers,TB,DST,DST25,11,10,14.7,182,362,281.86,61.25
382,Tommy Tremble,CAR,TE,TE54,11,5,0.6,266,422,341.00,45.40
383,Zavion Thomas,CHI,WR,WR136,11,10,3.7,253,588,341.53,74.99
384,Colbie Young,CIN,WR,WR137,11,6,0.9,233,602,347.33,78.45
385,Jaylin Lane,WAS,WR,WR138,11,7,0.6,270,582,352.67,66.91
386,CJ Daniels,LAR,WR,WR139,11,11,1.3,272,605,354.07,74.72
387,Luke Musgrave,GB,TE,TE55,11,11,3.0,285,432,354.53,43.81
388,Cincinnati Bengals,CIN,DST,DST26,11,6,3.3,180,361,270.92,66.75
389,Phil Mafah,DAL,RB,RB107,11,14,0.6,272,648,357.00,95.44
390,Trey Smack,GB,K,K21,11,11,7.9,209,360,275.38,50.17
391,Jam Miller,NE,RB,RB108,11,11,1.3,286,519,355.93,63.14
392,J'Mari Taylor,JAC,RB,RB109,11,7,2.3,299,562,358.36,78.56
393,Tennessee Titans,TEN,DST,DST27,11,9,8.6,163,365,269.50,76.15
394,Joe Milton III,DAL,QB,QB43,11,14,1.0,293,736,374.21,106.81
395,Zane Gonzalez,FA,K,K22,11,,1.9,207,362,296.25,50.94
396,Jordan Whittington,LAR,WR,WR140,11,11,0.6,261,599,348.92,81.49
397,Ben Sinnott,WAS,TE,TE56,11,7,0.6,308,472,367.23,42.35
398,Devontez Walker,BAL,WR,WR141,11,13,0.6,266,623,342.17,91.03
399,Nick Westbrook-Ikhine,IND,WR,WR142,11,13,0.6,220,611,346.33,93.55
400,Demarcus Robinson,SF,WR,WR143,11,8,0.8,243,608,351.25,90.76
401,Austin Hooper,ATL,TE,TE57,11,11,0.9,281,460,354.83,50.19
402,Mitchell Evans,CAR,TE,TE58,11,5,0.6,335,435,371.58,29.93
403,Miami Dolphins,MIA,DST,DST28,11,6,6.6,166,372,290.30,75.10
404,Rasheen Ali,BAL,RB,RB110,11,13,0.6,299,649,380.18,105.33
405,Daniel Bellinger,TEN,TE,TE59,11,9,1.5,351,428,381.73,21.60
406,Marcus Mariota,WAS,QB,QB44,11,7,1.4,300,711,383.55,108.58
407,Barion Brown,NO,WR,WR144,11,8,1.7,230,617,338.00,108.21
408,Nick Folk,ATL,K,K23,11,11,3.2,186,356,277.67,60.42
409,John Bates,WAS,TE,TE60,11,7,0.7,265,476,353.60,63.93
410,Ashton Dulin,IND,WR,WR145,11,13,0.7,262,620,364.50,97.23
411,Cade Klubnik,NYJ,QB,QB45,11,13,4.6,296,709,370.20,116.37
412,Kyle Juszczyk,SF,RB,RB111,11,8,0.9,259,674,381.50,123.25
413,Jameis Winston,NYG,QB,QB46,11,8,1.8,294,713,385.00,113.32
414,Sione Vaki,DET,RB,RB112,11,6,0.6,307,666,401.50,110.05
415,Damien Martinez,GB,RB,RB113,11,11,1.3,332,570,402.80,78.06
416,Tutu Atwell,MIA,WR,WR146,11,6,0.7,240,591,349.78,96.06
417,Deion Burks,IND,WR,WR147,12,13,2.0,273,629,370.67,101.38
418,Austin Ekeler,FA,RB,RB114,12,,0.6,305,534,371.00,62.35
419,Greg Dortch,DET,WR,WR148,12,6,0.6,290,632,374.67,94.67
420,Dyami Brown,WAS,WR,WR149,12,7,0.7,265,626,373.25,106.22
421,Elijah Higgins,ARI,TE,TE61,12,14,0.6,352,466,385.00,41.24
422,Blake Grupe,IND,K,K24,12,13,1.1,222,440,311.43,71.44
423,Tim Patrick,NYJ,WR,WR150,12,13,1.0,315,650,404.88,97.82
424,Dameon Pierce,PHI,RB,RB115,12,10,0.8,308,660,412.38,115.06
425,Las Vegas Raiders,LV,DST,DST29,12,13,7.0,169,369,279.00,87.26
426,Daniel Carlson,NO,K,K25,12,8,0.8,209,364,284.83,58.31
427,Terrell Jennings,FA,RB,RB116,12,,1.0,311,564,383.14,78.09
428,Josh Oliver,MIN,TE,TE62,12,6,0.6,352,442,388.57,32.70
429,Will Kacmarek,MIA,TE,TE63,12,6,2.7,319,471,392.00,53.38
430,Marlin Klein,HOU,TE,TE64,12,8,0.6,351,474,401.57,40.96
431,Tai Felton,MIN,WR,WR151,12,6,0.6,308,635,402.14,105.21
432,Tyler Goodson,ATL,RB,RB117,12,11,0.7,300,652,414.29,123.54
433,Robert Henry Jr.,WAS,RB,RB118,12,7,0.0,284,672,418.57,128.36
434,Zavier Scott,MIN,RB,RB119,12,6,0.6,320,572,419.29,91.57
435,Tommy Myers,FA,TE,TE65,12,,0.0,250,453,345.50,75.88
436,Chad Ryland,ARI,K,K26,12,14,1.2,191,357,257.60,79.94
437,Joey Slye,TEN,K,K27,12,9,1.0,190,354,260.80,75.50
438,Ryan Fitzgerald,CAR,K,K28,12,5,1.1,204,358,279.20,67.72
439,Brandon McManus,FA,K,K29,12,,0.6,191,374,285.80,77.72
440,Washington Commanders,WAS,DST,DST30,12,7,6.3,183,365,289.60,84.37
441,Jake Moody,FA,K,K30,12,,1.4,217,370,292.60,60.70
442,New York Jets,NYJ,DST,DST31,12,13,4.9,184,371,297.00,85.55
443,Arizona Cardinals,ARI,DST,DST32,12,14,3.4,180,373,298.00,86.62
444,Tanner Koziol,JAC,TE,TE66,12,7,1.4,348,464,403.00,39.77
445,Jackson Hawes,BUF,TE,TE67,12,7,0.6,359,462,408.00,36.41
446,Adam Trautman,DEN,TE,TE68,12,10,0.6,375,464,408.17,31.84
447,Luke Schoonmaker,DAL,TE,TE69,12,14,0.9,371,468,412.17,36.47
448,Jahdae Walker,CHI,WR,WR152,12,10,0.9,322,638,413.17,105.23
449,Ben Sauls,NYG,K,K31,12,8,0.7,220,439,325.80,79.45
450,Riley Leonard,IND,QB,QB47,12,13,0.9,329,721,425.67,134.81
451,Odell Beckham Jr.,NYG,WR,WR153,12,8,3.8,273,398,334.20,41.11
452,Spencer Shrader,IND,K,K32,12,13,1.2,206,492,335.60,100.15
453,Jimmy Horn Jr.,CAR,WR,WR154,12,5,0.8,332,684,432.17,118.74
454,Ronnie Rivers,LAR,RB,RB120,12,11,0.6,328,640,434.33,119.16
455,Lil'Jordan Humphrey,DEN,WR,WR155,12,10,1.1,358,664,434.83,104.69
456,Marquez Valdes-Scantling,DAL,WR,WR156,12,14,0.7,272,424,341.80,51.11
457,Hunter Luepke,DAL,RB,RB121,12,14,0.7,303,673,441.00,139.20
458,Dylan Laube,LV,RB,RB122,12,13,0.8,309,692,443.50,136.12
459,Zach Ertz,FA,TE,TE70,12,,0.6,321,393,363.00,23.86
460,Khalil Herbert,SF,RB,RB123,12,8,1.2,213,542,366.20,108.01
461,Jonnu Smith,FA,TE,TE71,12,,3.1,329,414,371.40,29.85
462,Xavier Restrepo,TEN,WR,WR157,12,9,1.1,339,426,393.80,31.97
463,Matt Hibner,BAL,TE,TE72,12,13,1.2,356,477,411.00,42.50
464,Mitch Tinsley,CIN,WR,WR158,12,6,0.6,286,653,414.00,129.36
465,Elijah Moore,PHI,WR,WR159,12,10,0.6,306,661,414.40,138.58
466,Foster Moreau,HOU,TE,TE73,12,8,1.2,282,497,415.00,74.18
467,Xavier Smith,LAR,WR,WR160,12,11,0.6,292,678,420.20,140.89
468,Mo Alie-Cox,IND,TE,TE74,12,13,0.6,311,478,420.40,64.29
469,Tyler Conklin,DET,TE,TE75,12,6,0.6,366,504,424.60,53.20
470,Van Jefferson,WAS,WR,WR161,12,7,0.8,303,647,426.00,122.37
471,Jason Sanders,NYJ,K,K33,12,13,0.9,261,368,307.00,44.89
472,Jacob Cowing,SF,WR,WR162,12,8,0.6,327,641,428.80,110.43
473,Sam Roush,CHI,TE,TE76,12,10,0.7,334,545,429.00,71.93
474,Drew Sample,CIN,TE,TE77,12,6,0.6,331,542,430.40,76.09
475,Nate Boerkircher,JAC,TE,TE78,12,7,0.9,387,465,430.40,34.29
476,Reggie Virgil,ARI,WR,WR163,12,14,0.7,306,667,434.40,130.40
477,Cade Stover,HOU,TE,TE79,12,8,0.6,346,539,437.40,75.29
478,Jeremy Ruckert,NYJ,TE,TE80,12,13,0.6,378,511,438.40,52.41
479,Isaiah Williams,FA,WR,WR164,12,,0.0,334,672,441.20,120.97
480,Jeremy McNichols,WAS,RB,RB124,12,7,0.6,328,578,441.40,106.54
481,Josh Cuevas,BAL,TE,TE81,12,13,1.1,369,508,441.60,49.57
482,Durham Smythe,BAL,TE,TE82,12,13,0.6,383,536,442.40,56.52
483,Roman Hemby,LV,RB,RB125,12,13,0.0,261,677,442.60,160.83
484,Tyrod Taylor,GB,QB,QB48,12,11,0.6,328,717,444.20,140.44
485,Cedrick Wilson Jr.,DET,WR,WR165,12,6,1.1,286,709,444.40,144.43
486,Jelani Woods,NYJ,TE,TE83,12,13,3.9,335,582,446.40,90.87
487,Tanner Hudson,CIN,TE,TE84,12,6,2.3,380,546,452.40,62.92
488,KeAndre Lambert-Smith,LAC,WR,WR166,12,7,0.7,343,658,453.00,108.68
489,Jacob Saylors,DET,RB,RB126,12,6,0.1,274,662,454.20,144.72
490,Brock Wright,DET,TE,TE85,12,6,0.7,362,546,454.20,66.59
491,Gardner Minshew II,ARI,QB,QB49,12,14,0.7,338,744,455.80,146.21
492,Ty Chandler,NO,RB,RB127,12,8,1.3,310,680,457.60,145.92
493,Quinn Ewers,MIA,QB,QB50,12,6,1.1,367,719,457.80,131.91
494,DeAndre Hopkins,BAL,WR,WR167,12,13,0.6,276,455,345.75,72.94
495,Nate Adkins,DEN,TE,TE86,12,10,1.0,356,600,460.20,83.52
496,Theo Wease Jr.,MIA,WR,WR168,12,6,1.0,225,454,348.25,84.71
497,Tyler Lockett,LV,WR,WR169,12,13,0.6,270,456,350.25,74.62
498,Justin Watson,HOU,WR,WR170,12,8,1.0,347,725,465.60,142.60
499,Frank Gore Jr.,BUF,RB,RB128,12,7,0.6,365,596,465.80,97.61
500,Alec Ingold,LAC,RB,RB129,12,7,0.6,277,698,471.40,163.47
501,Efton Chism III,NE,WR,WR171,12,11,0.6,380,706,471.40,124.97
502,David Sills V,TB,WR,WR172,12,10,0.0,279,458,363.25,64.38
503,Drew Stevens,WAS,K,K34,12,7,0.4,249,491,364.00,86.61
504,Brycen Tremayne,CAR,WR,WR173,12,5,0.0,372,695,474.20,118.90
505,Travis Homer,PIT,RB,RB130,12,9,1.0,321,686,476.40,142.29
506,Jalen Brooks,ARI,WR,WR174,12,14,1.0,368,703,478.60,119.94
507,Reggie Gilliam,NE,RB,RB131,12,11,0.1,345,675,480.60,119.72
508,Max Bredeson,MIN,RB,RB132,12,6,0.1,310,690,481.00,153.00
509,Patrick Ricard,NYG,RB,RB133,12,8,0.8,291,691,483.40,150.51
510,Jaret Patterson,LAC,RB,RB134,12,7,1.1,363,645,484.60,114.04
511,Adam Prentice,DEN,RB,RB135,12,10,0.6,312,694,486.60,152.49
512,British Brooks,HOU,RB,RB136,12,8,0.0,328,678,496.20,137.62
513,Chris Blair,ATL,WR,WR175,12,11,0.0,275,528,406.25,95.30
514,Antonio Gibson,FA,RB,RB137,12,,1.3,304,560,407.50,95.17
515,Jake Browning,TB,QB,QB51,12,10,0.6,227,734,424.00,193.23
516,Lan Larison,NE,RB,RB138,12,11,1.0,321,708,523.00,166.20
517,Michael Trigg,DAL,TE,TE87,12,14,5.2,377,465,441.25,37.14
518,Kalel Mullings,TEN,RB,RB139,12,9,1.0,293,625,442.00,124.60
519,Michael Burton,CLE,RB,RB140,12,11,0.6,330,601,444.00,109.81
520,Josh Williams,TB,RB,RB141,12,10,0.1,262,697,537.60,183.24
521,Jack Endries,CIN,TE,TE88,13,6,2.4,396,501,458.50,38.45
522,Jalen Milroe,SEA,QB,QB52,13,11,1.2,298,710,461.50,151.84
523,Nathan Carter,ATL,RB,RB142,13,11,1.0,336,657,463.25,124.71
524,Davis Mills,HOU,QB,QB53,13,8,0.6,300,731,466.75,159.99
525,Scotty Miller,CHI,WR,WR176,13,10,0.1,329,675,470.50,126.32
526,Donovan Edwards,MIA,RB,RB143,13,6,1.0,331,584,478.00,101.86
527,Khalil Dinkins,SF,TE,TE89,13,8,0.0,386,537,479.50,58.17
528,Moliki Matavao,NO,TE,TE90,13,8,1.0,362,604,480.00,85.97
529,Kene Nwangwu,NYJ,RB,RB144,13,13,0.2,364,719,566.80,163.49
530,Davis Allen,LAR,TE,TE91,13,11,1.0,395,549,480.75,55.64
531,Trey Lance,LAC,QB,QB54,13,7,0.6,382,727,486.00,139.99
532,Derius Davis,LAC,WR,WR177,13,7,1.0,339,689,488.75,126.71
533,Myles Price,MIN,WR,WR178,13,6,0.6,362,722,490.00,145.20
534,Jake Bobo,SEA,WR,WR179,13,11,0.6,344,681,491.75,122.23
535,Tyson Bagent,CHI,QB,QB55,13,10,0.7,390,754,492.50,151.28
536,Noah Whittington,HOU,RB,RB145,13,8,0.0,357,642,493.00,111.68
537,Luke Farrell,SF,TE,TE92,13,8,0.6,407,556,493.75,54.16
538,Payne Durham,TB,TE,TE93,13,10,1.1,394,553,495.50,61.35
539,Lew Nichols III,PIT,RB,RB146,13,9,2.0,325,631,496.75,112.63
540,Velus Jones Jr.,SEA,WR,WR180,13,11,1.6,320,783,497.00,178.28
541,Will Levis,TEN,QB,QB56,13,9,0.6,397,725,497.25,133.12
542,Jalen Reagor,MIA,WR,WR181,13,6,0.0,271,426,359.33,65.11
543,Ben Sims,MIA,TE,TE94,13,6,0.0,403,555,498.50,58.02
544,Josh Cameron,JAC,WR,WR182,13,7,0.7,313,700,499.75,148.76
545,Michael Woods II,DEN,WR,WR183,13,10,1.0,254,459,364.33,84.42
546,Blake Whiteheart,CLE,TE,TE95,13,11,0.0,406,565,503.50,59.79
547,Josh Whyle,GB,TE,TE96,13,11,0.6,394,591,506.75,73.99
548,Brevyn Spann-Ford,DAL,TE,TE97,13,14,0.1,408,573,511.25,64.59
549,Kevin Austin Jr.,NO,WR,WR184,13,8,1.0,263,519,379.00,105.88
550,Jaydn Ott,KC,RB,RB147,13,5,1.0,357,682,512.25,123.71
551,Julian Hill,NE,TE,TE98,13,11,1.0,368,663,512.75,107.56
552,Jared Wayne,HOU,WR,WR185,13,8,0.0,237,512,380.00,112.54
553,Cash Jones,ATL,RB,RB148,13,11,0.0,359,663,515.75,110.16
554,Jeshaun Jones,MIN,WR,WR186,13,6,0.0,234,529,389.00,120.90
555,Casey Washington,CAR,WR,WR187,13,5,0.0,248,518,389.00,110.55
556,Isaiah Hodgins,NYG,WR,WR188,13,8,0.0,392,757,520.50,143.23
557,Tyler Badie,DEN,RB,RB149,13,10,1.0,247,653,521.25,160.30
558,Miles Davis,CAR,RB,RB150,13,5,0.0,357,654,524.75,118.27
559,Sincere McCormick,SF,RB,RB151,13,8,1.0,364,671,525.75,111.95
560,Quentin Skinner,BUF,WR,WR189,13,7,0.0,249,524,398.00,113.44
561,Mason Tipton,NO,WR,WR190,13,8,1.3,329,734,526.50,159.00
562,Michael Bandy,DEN,WR,WR191,13,10,1.0,388,717,528.00,139.22
563,Tyrell Shavers,BUF,WR,WR192,13,7,0.6,337,786,532.75,189.28
564,Jordan Watkins,SF,WR,WR193,13,8,1.0,267,523,409.00,106.37
565,Kaden Wetjen,PIT,WR,WR194,13,9,0.8,325,800,535.50,188.69
566,Mecole Hardman Jr.,BUF,WR,WR195,13,7,0.6,385,745,537.00,130.35
567,Ahmani Marshall,CLE,RB,RB152,13,11,0.0,328,681,538.00,138.76
568,Kameron Johnson,TB,WR,WR196,13,10,0.0,335,751,539.25,167.25
569,Darius Cooper,PHI,WR,WR197,13,10,0.6,357,741,540.25,155.16
570,Isaiah Williams,NYJ,WR,WR198,13,13,0.6,287,644,421.33,158.57
571,Arian Smith,NYJ,WR,WR199,13,13,0.7,336,749,544.50,161.19
572,Coleman Owen,IND,WR,WR200,13,13,0.0,229,522,422.67,136.96
573,Skyy Moore,GB,WR,WR201,13,11,0.8,388,737,545.75,138.58
574,Jonathan Mingo,DAL,WR,WR202,13,14,0.6,343,743,546.75,152.49
575,Ben Skowronek,PIT,WR,WR203,13,9,0.1,326,796,548.00,190.01
576,Bo Melton,GB,WR,WR204,13,11,0.6,328,801,550.50,199.47
577,Maurice Alexander,CHI,WR,WR205,13,10,1.2,247,525,430.67,129.89
578,Miles Sanders,FA,RB,RB153,13,,1.0,281,581,431.67,122.48
579,Anthony Gould,IND,WR,WR206,13,13,1.0,324,755,553.00,157.09
580,David Moore,CAR,WR,WR207,13,5,0.8,340,787,553.25,180.68
581,Nikko Remigio,KC,WR,WR208,13,5,0.6,381,747,554.75,151.08
582,Anderson Castle,IND,RB,RB154,13,13,0.0,382,671,555.75,121.75
583,Malachi Corley,CLE,WR,WR209,13,11,0.6,400,759,556.25,156.81
584,Cody White,SEA,WR,WR210,13,11,0.0,372,804,559.00,179.18
585,Miles Kitselman,FA,TE,TE99,13,,0.0,360,513,448.00,64.54
586,Eric Gray,NYG,RB,RB155,13,8,1.0,393,679,564.25,120.80
587,Dareke Young,LV,WR,WR211,13,13,1.0,390,770,567.25,161.13
588,Will Dissly,FA,TE,TE100,13,,1.0,391,494,452.67,44.44
589,Gage Larvadain,CLE,WR,WR212,13,11,0.0,377,772,568.00,163.72
590,Devin Duvernay,ARI,WR,WR213,13,14,1.0,373,790,571.25,168.68
591,Drake Dabney,GB,TE,TE101,13,11,0.0,238,613,462.67,161.86
592,Britain Covey,PHI,WR,WR214,13,10,1.0,380,793,576.50,177.29
593,Myles Montgomery,FA,RB,RB156,13,,0.0,342,610,465.33,110.45
594,Alexander Mattison,FA,RB,RB157,13,,1.0,278,649,471.67,151.90
595,Jaheim Bell,PIT,TE,TE102,13,9,1.0,251,635,472.67,162.28
596,DeeJay Dallas,JAC,RB,RB158,13,7,0.1,366,669,585.25,126.75
597,Raheem Mostert,LV,RB,RB159,13,13,1.1,313,637,477.33,132.31
598,Pierre Strong Jr.,GB,RB,RB160,13,11,1.1,357,699,587.75,135.58
599,Spencer Rattler,NO,QB,QB57,13,8,0.6,299,726,480.00,180.28
600,Ulysses Bentley IV,IND,RB,RB161,13,13,0.1,313,634,480.67,131.44
601,Ke'Shawn Williams,CIN,WR,WR215,13,6,0.0,371,764,592.25,157.86
602,Drew Allar,PIT,QB,QB58,13,9,1.7,327,714,486.67,165.08
603,Charlie Jones,CIN,WR,WR216,13,6,0.7,359,788,594.25,167.46
604,Mason Kinsey,TEN,WR,WR217,13,9,0.0,412,803,595.25,170.88
605,Elijah Tau-Tolliver,BAL,RB,RB162,13,13,0.0,369,628,490.33,106.37
606,Elijah Mitchell,FA,RB,RB163,13,,1.2,393,619,493.33,93.99
607,Dohnte Meyers,CIN,WR,WR218,13,6,0.0,263,728,493.67,189.85
608,Andre Szmyt,CLE,K,K35,13,11,0.8,217,372,294.50,77.50
609,Cam Akers,FA,RB,RB164,13,,1.0,369,646,504.67,113.16
610,Taylen Green,CLE,QB,QB59,13,11,1.7,371,724,505.33,155.96
611,Seydou Traore,MIA,TE,TE103,13,6,0.0,484,541,510.33,23.47
612,Joe Royer,CLE,TE,TE104,13,11,1.1,482,543,510.67,25.04
613,Brandin Cooks,FA,WR,WR219,13,,1.1,276,768,512.67,201.29
614,Noah Brown,FA,WR,WR220,13,,1.3,394,692,513.00,128.84
615,Bauer Sharp,TB,TE,TE105,13,10,0.0,472,542,515.67,31.09
616,JaMycal Hasty,NE,RB,RB165,13,11,1.1,342,680,517.33,138.28
617,Mason Rudolph,PIT,QB,QB60,13,9,0.7,387,730,518.67,150.94
618,Tyler Huntley,BAL,QB,QB61,13,13,1.2,414,720,519.00,142.18
619,Dominic Zvada,NYG,K,K36,13,8,1.3,273,386,329.50,56.50
620,Craig Reynolds,WAS,RB,RB166,13,7,1.1,369,674,523.67,124.55
621,Kenny McIntosh,FA,RB,RB167,13,,1.0,425,640,524.67,88.47
622,Jermar Jefferson,MIN,RB,RB168,13,6,0.6,396,655,525.33,105.74
623,Stone Smartt,PHI,TE,TE106,13,10,1.0,498,560,528.33,25.33
624,Tanner McKee,PHI,QB,QB62,13,10,1.3,416,735,530.67,144.85
625,Jack Stoll,CLE,TE,TE107,13,11,0.0,520,551,535.00,12.68
626,Eric Saubert,SEA,TE,TE108,13,11,0.9,523,554,535.67,13.27
627,Grant Calcaterra,PHI,TE,TE109,13,10,1.2,500,559,536.00,25.78
628,Andy Dalton,PHI,QB,QB63,14,10,0.6,420,729,538.67,135.95
629,Jared Wiley,KC,TE,TE110,14,5,1.0,483,588,539.33,43.21
630,Tip Reiman,ARI,TE,TE111,14,14,0.0,530,557,539.33,12.50
631,Drew Ogletree,IND,TE,TE112,14,13,1.0,525,562,541.67,15.33
632,Diontae Johnson,FA,WR,WR221,14,,1.0,349,777,544.33,176.71
633,Curtis Samuel,FA,WR,WR222,14,,2.0,392,731,546.00,140.12
634,Brevin Jordan,HOU,TE,TE113,14,8,1.0,481,589,546.67,47.08
635,Vinny Anthony II,ATL,WR,WR223,14,11,0.0,349,766,547.00,170.89
636,Charlie Woerner,ATL,TE,TE114,14,11,0.0,505,574,547.67,30.44
637,Jake Briningstool,KC,TE,TE115,14,5,0.0,540,567,550.33,11.90
638,Teagan Quitoriano,ARI,TE,TE116,14,14,0.0,535,571,551.33,14.88
639,Tahj Washington,FA,WR,WR224,14,,1.0,233,514,373.50,140.50
640,Ian Thomas,LV,TE,TE117,14,13,0.0,516,597,553.67,33.31
641,JuJu Smith-Schuster,FA,WR,WR225,14,,1.1,378,781,554.00,168.43
642,J. Michael Sturdivant,GB,WR,WR226,14,11,0.0,388,753,554.33,150.75
643,Montorie Foster Jr.,SEA,WR,WR227,14,11,0.0,374,785,558.33,170.44
644,Kylen Granson,TEN,TE,TE118,14,9,1.2,533,581,559.00,19.80
645,Joel Wilson,TEN,TE,TE119,14,9,0.0,475,627,560.00,63.35
646,Bub Means,NO,WR,WR228,14,8,0.6,244,531,387.50,143.50
647,Kendric Pryor,CIN,WR,WR229,14,6,1.0,240,545,392.50,152.50
648,Gavin Bartholomew,MIN,TE,TE120,14,6,0.0,529,592,565.67,26.74
649,Ben Yurosek,MIN,TE,TE121,14,6,0.0,551,580,565.67,11.84
650,Michael Briscoe,MIN,WR,WR230,14,6,0.0,389,789,566.33,166.42
651,Ty Pezza,BAL,TE,TE122,14,13,0.0,510,603,567.67,41.12
652,Kendrick Law,DET,WR,WR231,14,6,1.5,326,792,568.67,190.73
653,Will Mallory,IND,TE,TE123,14,13,1.0,563,576,569.00,5.35
654,K.J. Osborn,TEN,WR,WR232,14,9,2.6,264,540,402.00,138.00
655,Lucas Krull,DEN,TE,TE124,14,10,1.8,539,603,572.00,26.17
656,Joshua Cephus,FA,WR,WR233,14,,0.0,390,794,572.67,167.18
657,Cooper Rush,ATL,QB,QB64,14,11,1.2,358,449,403.50,45.50
658,Dominic Lovett,DET,WR,WR234,14,6,1.0,265,544,404.50,139.50
659,Deontay Burnett,FA,WR,WR235,14,,0.0,391,795,573.67,167.18
660,Tanner Conner,NYG,TE,TE125,14,8,1.2,541,602,574.67,25.30
661,Ricky White III,SEA,WR,WR236,14,11,1.0,428,761,575.00,138.72
662,Jermaine Burton,FA,WR,WR237,14,,1.1,278,539,408.50,130.50
663,Carsen Ryan,CLE,TE,TE126,14,11,1.1,512,639,576.67,51.87
664,Terrace Marshall Jr.,MIA,WR,WR238,14,6,1.0,250,569,409.50,159.50
665,Michael Wortham,JAC,WR,WR239,14,7,0.0,330,797,578.33,191.80
666,Johnny Mundt,PHI,TE,TE127,14,10,0.0,553,599,578.33,19.07
667,Joshua Simon,ATL,TE,TE128,14,11,0.0,503,642,579.00,57.49
668,Albert Okwuegbunam Jr.,LV,TE,TE129,14,13,0.0,561,609,579.33,21.17
669,Tyler Scott,LAR,WR,WR240,14,11,1.5,255,573,414.00,159.00
670,Cole Turner,MIA,TE,TE130,14,6,1.0,547,609,580.33,25.53
671,Tyler Johnson,DAL,WR,WR241,14,14,1.1,331,799,580.67,192.34
672,Brayden Willis,SF,TE,TE131,14,8,0.0,577,585,580.67,3.30
673,Devin Culp,TB,TE,TE132,14,10,1.2,572,597,582.33,10.66
674,Colson Yankoff,WAS,TE,TE133,14,7,1.1,577,594,584.33,7.13
675,Ray-Ray McCloud III,CHI,WR,WR242,14,10,0.6,323,798,585.00,196.99
676,David Martin-Robinson,TEN,TE,TE134,14,9,0.0,559,615,586.00,22.91
677,Brenden Bates,CLE,TE,TE135,14,11,0.0,541,621,586.33,33.52
678,Hayden Rucci,SF,TE,TE136,14,8,0.0,556,607,589.33,23.58
679,Hunter Long,JAC,TE,TE137,14,7,1.0,580,595,589.33,6.65
680,CJ Dippre,NE,TE,TE138,14,11,0.0,565,616,590.67,20.82
681,Jack Velling,ATL,TE,TE139,14,11,0.0,509,665,591.67,64.03
682,Bryson Nesbit,MIN,TE,TE140,14,6,0.0,543,630,591.67,36.26
683,Cameron Latu,PHI,TE,TE141,14,10,1.2,571,622,594.00,21.12
684,Hassan Haskins,NE,RB,RB169,14,11,1.0,363,713,594.33,163.60
685,Riley Patterson,MIA,K,K37,14,6,2.4,380,493,436.50,56.50
686,Kansei Matsuzawa,LV,K,K38,14,13,1.0,392,489,440.50,48.50
687,Tanner Brown,NO,K,K39,14,8,0.6,389,494,441.50,52.50
688,Ameer Abdullah,JAC,RB,RB170,14,7,0.6,459,724,599.00,108.70
689,Ko Kieft,TB,TE,TE142,14,10,0.0,587,608,600.33,9.46
690,Ronnie Bell,NO,WR,WR243,14,8,0.0,352,830,601.33,195.69
691,Chris Manhertz,NYG,TE,TE143,14,8,0.0,586,630,604.00,18.83
692,Quintin Morris,JAC,TE,TE144,14,7,1.4,584,636,604.33,22.69
693,Zach Horton,DET,TE,TE145,14,6,0.0,595,618,609.00,10.03
694,Rivaldo Fairweather,ARI,TE,TE146,14,14,0.0,577,645,610.33,27.78
695,Corey Kiner,ARI,RB,RB171,14,14,1.0,388,764,613.00,162.17
696,Jamal Haynes,CIN,RB,RB172,14,6,0.0,566,666,613.00,41.04
697,Dante Pettis,BUF,WR,WR244,14,7,1.0,376,805,614.00,178.26
698,Shedrick Jackson,LV,WR,WR245,14,13,1.0,389,808,616.33,172.91
699,Princeton Fant,DAL,TE,TE147,14,14,0.0,583,656,617.33,29.96
700,E.J. Jenkins,PHI,TE,TE148,14,10,1.0,612,623,618.67,4.78
701,B.T. Potter,TB,K,K40,14,10,1.0,397,549,473.00,76.00
702,Deven Thompkins,LV,WR,WR246,14,13,1.0,397,806,620.00,169.01
703,Jack Westover,NE,TE,TE149,14,11,0.0,575,693,620.67,51.73
704,Taysom Hill,FA,TE,TE150,14,,0.7,462,490,476.00,14.00
705,Lance Mason,PIT,TE,TE151,14,9,0.0,595,651,621.33,22.98
706,Tanner Arkin,NE,TE,TE152,14,11,0.0,592,662,623.33,29.04
707,Dean Connors,LAR,RB,RB173,14,11,1.0,565,711,625.33,62.24
708,Kenny Fletcher Jr.,TB,TE,TE153,14,10,0.0,587,670,625.67,34.12
709,Dylan Drummond,ATL,WR,WR247,14,11,0.0,447,802,626.33,144.95
710,Lake McRee,PIT,TE,TE154,14,9,0.0,601,654,626.67,21.67
711,Cam Grandy,CIN,TE,TE155,14,6,0.0,615,634,627.00,8.52
712,DJ Rogers,DAL,TE,TE156,14,14,0.0,610,648,628.00,15.58
713,Tylan Wallace,CLE,WR,WR248,14,11,1.0,408,815,628.33,167.85
714,James Mitchell,CAR,TE,TE157,14,5,0.0,590,696,628.33,47.99
715,Chris Moore,BAL,WR,WR249,14,13,0.0,385,825,629.00,182.81
716,Nick Kallerup,SEA,TE,TE158,14,11,1.0,610,673,631.67,29.24
717,Tay Martin,DET,WR,WR250,14,6,1.0,403,814,633.33,171.43
718,Shane Zylstra,BUF,TE,TE159,14,7,1.1,633,636,634.00,1.41
719,Tom Kennedy,DET,WR,WR251,14,6,0.1,427,813,637.33,159.48
720,Chase Curtis,NYJ,TE,TE160,14,13,0.0,586,704,639.00,48.91
721,Quentin Moore,WAS,TE,TE161,14,7,0.0,606,682,640.33,31.46
722,Zaire Mitchell-Paden,NO,TE,TE162,14,8,1.0,618,668,642.00,20.46
723,LaJohntay Wester,BAL,WR,WR252,14,13,0.7,379,807,642.33,188.14
724,Xavier Weaver,ARI,WR,WR253,14,14,0.0,445,843,644.67,162.49
725,Jalin Hyatt,NYG,WR,WR254,14,8,2.7,444,817,645.00,153.65
726,Zay Jones,HOU,WR,WR255,14,8,1.0,351,832,645.67,210.78
727,Patrick Herbert,JAC,TE,TE163,14,7,0.0,611,685,645.67,30.39
728,Thomas Fidone II,NYG,TE,TE164,14,8,1.0,474,552,513.00,39.00
729,Braxton Berrios,NYG,WR,WR256,14,8,0.6,402,856,646.33,186.96
730,KhaDarel Hodge,SF,WR,WR257,14,8,1.2,429,821,648.67,163.50
731,Messiah Swinson,GB,TE,TE165,14,11,0.0,621,679,649.00,23.72
732,Kentrel Bullock,CIN,RB,RB174,14,6,0.0,569,746,653.33,72.50
733,Jakobie Keeney-James,PIT,WR,WR258,14,9,0.0,411,638,524.50,113.50
734,Dontae McMillan,BAL,RB,RB175,14,13,0.0,604,721,654.67,49.03
735,Carter Runyon,LV,TE,TE166,14,13,0.0,617,701,656.00,34.55
736,Keleki Latu,BUF,TE,TE167,14,7,0.0,632,676,656.00,18.18
737,Jabari Small,DET,RB,RB176,14,6,0.0,368,694,531.00,163.00
738,AJ Dillon,CAR,RB,RB177,14,5,0.6,603,719,660.00,47.38
739,Treyton Welch,NO,TE,TE168,14,8,0.0,620,710,661.00,37.18
740,Simi Fehoko,ARI,WR,WR259,14,14,1.0,521,791,665.67,111.07
741,Gunner Olszewski,NYG,WR,WR260,14,8,1.1,354,734,544.00,190.00
742,Bryce Oliver,TEN,WR,WR261,14,9,0.0,495,829,669.33,136.75
743,Evan Svoboda,LAC,TE,TE169,14,7,0.0,627,712,669.33,34.70
744,Samori Toure,PHI,WR,WR262,14,10,0.0,451,844,670.00,163.57
745,Chip Trayanum,NYJ,RB,RB178,14,13,1.2,639,697,670.67,23.98
746,Cody Hardy,NO,TE,TE170,14,8,0.0,625,718,671.00,37.97
747,Sterling Shepard,HOU,WR,WR263,14,8,1.8,282,823,552.50,270.50
748,Patrick Gurd,LV,TE,TE171,14,13,0.0,624,723,672.67,40.43
749,Dallen Bentley,DEN,TE,TE172,14,10,1.1,636,707,672.67,29.03
750,CJ Donaldson,NO,RB,RB179,14,8,2.3,623,705,675.00,36.91
751,Brittain Brown,CHI,RB,RB180,14,10,2.6,643,733,675.67,40.67
752,Jason Brownlee,KC,WR,WR264,14,5,0.0,518,811,677.00,120.92
753,Jamari Thrash,CLE,WR,WR265,14,11,1.1,409,722,565.50,156.50
754,Alex Bachman,LAR,WR,WR266,14,11,0.0,515,820,682.33,126.27
755,Johnny Pascuzzi,LAC,TE,TE173,14,7,0.0,631,732,683.67,41.35
756,Jarrett Stidham,DEN,QB,QB65,14,10,0.6,429,712,570.50,141.50
757,Ryan Miller,MIA,WR,WR267,14,6,1.0,399,745,572.00,173.00
758,Xavier Gipson,NYG,WR,WR268,14,8,1.1,469,861,686.33,162.85
759,Hayden Large,CHI,TE,TE174,14,10,0.0,637,729,686.33,37.85
760,Jimmy Holiday,KC,WR,WR269,14,5,0.0,523,816,686.67,122.06
761,Gary Brightwell,CIN,RB,RB181,14,6,0.0,638,754,686.67,49.16
762,Will Howard,PIT,QB,QB66,14,9,1.3,435,715,575.00,140.00
763,Austin Trammell,JAC,WR,WR270,14,7,0.0,410,748,579.00,169.00
764,Trent Sherfield Sr.,BUF,WR,WR271,14,7,0.0,514,848,693.33,137.47
765,Garrett Nussmeier,KC,QB,QB67,14,5,3.9,450,723,586.50,136.50
766,Kenny Pickett,CAR,QB,QB68,14,5,1.0,437,743,590.00,153.00
767,Dillon Gabriel,CLE,QB,QB69,14,11,0.6,443,737,590.00,147.00
768,Sam Howell,DAL,QB,QB70,14,14,0.6,459,722,590.50,131.50
769,Mitchell Trubisky,TEN,QB,QB71,14,9,0.6,456,732,594.00,138.00
770,Tommy DeVito,NE,QB,QB72,14,11,0.9,471,718,594.50,123.50
771,Raheem Blackshear,FA,RB,RB182,14,,1.6,513,683,598.00,85.00
772,Drew Lock,SEA,QB,QB73,15,11,0.9,447,751,599.00,152.00
773,Mario Williams,FA,WR,WR272,15,,0.0,316,883,599.50,283.50
774,Tejhaun Palmer,NE,WR,WR273,15,11,0.0,526,854,705.00,135.58
775,Carson Wentz,MIN,QB,QB74,15,6,0.8,445,760,602.50,157.50
776,Juice Wells Jr.,ATL,WR,WR274,15,11,1.1,493,714,603.50,110.50
777,Tim Jones,JAC,WR,WR275,15,7,0.0,452,757,604.50,152.50
778,John Michael Gyllenborg,KC,TE,TE175,15,5,1.8,499,710,604.50,105.50
779,Joshua Dobbs,DET,QB,QB75,15,6,0.6,458,752,605.00,147.00
780,Salvon Ahmed,CHI,RB,RB183,15,10,0.1,527,686,606.50,79.50
781,Davon Booth,CLE,RB,RB184,15,11,0.0,683,748,708.67,28.24
782,Cody Schrader,DEN,RB,RB185,15,10,1.0,651,765,709.67,46.60
783,Kyle Allen,BUF,QB,QB76,15,7,0.8,452,769,610.50,158.50
784,Josiah Deguara,FA,TE,TE176,15,,0.0,583,642,612.50,29.50
785,Aidan O'Connell,LV,QB,QB77,15,13,1.0,469,757,613.00,144.00
786,Nick Mullens,JAC,QB,QB78,15,7,0.6,461,766,613.50,152.50
787,Zamir White,NO,RB,RB186,15,8,0.9,647,778,713.00,53.49
788,Josh Johnson,CIN,QB,QB79,15,6,1.3,475,753,614.00,139.00
789,Brady Cook,NYJ,QB,QB80,15,13,1.0,465,764,614.50,149.50
790,Anthony Hankerson,FA,RB,RB187,15,,0.0,538,691,614.50,76.50
791,Malik Turner,SF,WR,WR276,15,8,0.0,527,865,713.67,140.23
792,Zach Wilson,NO,QB,QB81,15,8,0.6,463,770,616.50,153.50
793,Haynes King,CAR,QB,QB82,15,5,0.0,473,761,617.00,144.00
794,EJ Smith,KC,RB,RB188,15,5,0.0,700,740,715.33,17.61
795,Beaux Collins,ATL,WR,WR277,15,11,0.0,482,872,716.33,168.65
796,Dalen Cambre,NYG,WR,WR278,15,8,0.0,524,878,717.67,146.43
797,Jaden Nixon,GB,RB,RB189,15,11,1.0,668,762,717.67,38.56
798,Andrew Beck,NYJ,TE,TE177,15,13,0.1,600,649,624.50,24.50
799,Brandon Allen,NYG,QB,QB83,15,8,0.0,477,775,626.00,149.00
800,Julius Chestnut,TEN,RB,RB190,15,9,0.7,699,769,723.67,32.10
801,Carson Steele,PHI,RB,RB191,15,10,0.6,685,780,724.67,40.33
802,Thomas Gordon,DET,TE,TE178,15,6,0.0,544,744,644.00,100.00
803,Owen Wright,HOU,RB,RB192,15,8,0.0,586,702,644.00,58.00
804,Pharaoh Brown,IND,TE,TE179,15,13,0.0,624,665,644.50,20.50
805,Evan Hull,ARI,RB,RB193,15,14,1.7,696,782,734.33,35.72
806,Jordan Waters,LAR,RB,RB194,15,11,0.0,559,747,653.00,94.00
807,Patrick Taylor Jr.,SF,RB,RB195,15,8,1.3,567,750,658.50,91.50
808,Carson Towt,IND,TE,TE180,15,13,0.0,574,746,660.00,86.00
809,Chris Myarick,LV,TE,TE181,15,13,0.0,629,698,663.50,34.50
810,Connor Heyward,LV,TE,TE182,15,13,0.1,659,678,668.50,9.50
811,Jameson Geers,ARI,TE,TE183,15,14,0.0,589,755,672.00,83.00
812,Dae'Quan Wright,FA,TE,TE184,15,,0.0,658,690,674.00,16.00
813,Layne Pryor,HOU,TE,TE185,15,8,0.0,596,761,678.50,82.50
814,Jaren Kanak,TEN,TE,TE186,15,9,0.0,598,762,680.00,82.00
815,Stephen Carlson,CHI,TE,TE187,15,10,0.0,673,687,680.00,7.00
816,Sean McKeon,IND,TE,TE188,15,13,0.0,605,756,680.50,75.50
817,Ja'Quinden Jackson,PHI,RB,RB196,15,10,1.0,680,694,687.00,7.00
818,Ethan Conner,MIA,TE,TE189,15,6,0.0,619,768,693.50,74.50
819,RJ Maryland,GB,TE,TE190,15,11,0.0,626,771,698.50,72.50
820,Nikola Kalinic,CHI,TE,TE191,15,10,0.0,628,775,701.50,73.50
821,Mark Redman,LAR,TE,TE192,15,11,0.0,690,715,702.50,12.50
822,Dan Villari,LAR,TE,TE193,15,11,0.0,692,720,706.00,14.00
823,Terion Stewart,KC,RB,RB197,15,5,0.0,698,716,707.00,9.00
824,Jacardia Wright,SEA,RB,RB198,15,11,0.1,665,752,708.50,43.50
825,Rohan Jones,LAR,TE,TE194,15,11,0.0,699,726,712.50,13.50
826,Desmond Reid,FA,RB,RB199,15,,0.0,700,727,713.50,13.50
827,Gus Edwards,FA,RB,RB200,15,,1.0,687,742,714.50,27.50
828,Israel Abanikanda,DAL,RB,RB201,15,14,0.9,663,767,715.00,52.00
829,Josh Kattus,CIN,TE,TE195,15,6,0.0,701,735,718.00,17.00
830,Amar Johnson,LAC,RB,RB202,15,7,0.0,704,736,720.00,16.00
831,Zack Moss,FA,RB,RB203,15,,1.6,705,739,722.00,17.00
832,Jeff Caldwell,KC,WR,WR279,15,5,2.1,635,810,722.50,87.50
833,Coleman Bennett,FA,RB,RB204,15,,0.0,661,788,724.50,63.50
834,Dante Miller,NYG,RB,RB205,15,8,0.0,684,773,728.50,44.50
835,Trey Sermon,ATL,RB,RB206,15,11,1.0,727,730,728.50,1.50
836,Kendall Milton,CIN,RB,RB207,15,6,0.0,664,796,730.00,66.00
837,Jeff Wilson Jr.,FA,RB,RB208,15,,1.0,716,744,730.00,14.00
838,Royce Freeman,FA,RB,RB209,15,,0.0,720,750,735.00,15.00
839,Nick Vannett,SEA,TE,TE196,15,11,0.0,732,738,735.00,3.00
840,Trayveon Williams,DET,RB,RB210,15,6,0.0,728,752,740.00,12.00
841,Damon Bankston,NYG,RB,RB211,15,8,0.0,689,794,741.50,52.50
842,D'Onta Foreman,FA,RB,RB212,15,,2.7,731,756,743.50,12.50
843,Carlos Washington Jr.,MIA,RB,RB213,15,6,0.0,730,760,745.00,15.00
844,Dare Ogunbowale,LV,RB,RB214,15,13,1.0,733,758,745.50,12.50
845,Chris Collier,LV,RB,RB215,15,13,0.0,688,810,749.00,61.00
846,Laquon Treadwell,IND,WR,WR280,15,13,0.0,691,812,751.50,60.50
847,Gregory Desrosiers,LAC,RB,RB216,15,7,0.0,736,767,751.50,15.50
848,Clyde Edwards-Helaire,FA,RB,RB217,15,,1.1,737,771,754.00,17.00
849,Myles Gaskin,FA,RB,RB218,15,,0.0,739,774,756.50,17.50
850,Sam Scott,FA,RB,RB219,15,,0.0,738,776,757.00,19.00
851,Darrynton Evans,FA,RB,RB220,15,,0.0,742,773,757.50,15.50
852,Tyrion Davis-Price,FA,RB,RB221,15,,1.0,743,775,759.00,16.00
853,Camden Brown,DAL,WR,WR281,15,14,1.6,740,779,759.50,19.50
854,Jashaun Corbin,DAL,RB,RB222,15,14,0.0,759,763,761.00,2.00
855,Gabe Davis,FA,WR,WR282,15,,1.0,726,809,767.50,41.50
856,D'Ernest Johnson,TEN,RB,RB223,15,9,1.0,765,784,774.50,9.50
857,Dominic Richardson,NYJ,RB,RB224,15,13,0.0,670,880,775.00,105.00
858,Eli Pancol,IND,WR,WR283,15,13,0.0,760,819,789.50,29.50
859,Emmanuel Henderson Jr.,SEA,WR,WR284,15,11,1.0,753,835,794.00,41.00
860,Isaiah Neyor,GB,WR,WR285,15,11,1.0,766,826,796.00,30.00
861,Andrew Armstrong,KC,WR,WR286,15,5,0.0,769,823,796.00,27.00
862,Raylen Sharpe,IND,WR,WR287,15,13,0.0,772,822,797.00,25.00
863,Sederrick Cunningham,FA,WR,WR288,15,,0.0,776,818,797.00,21.00
864,Jacob De Jesus,KC,WR,WR289,16,5,0.0,779,827,803.00,24.00
865,Sahmir Hagans,IND,WR,WR290,16,13,0.0,782,824,803.00,21.00
866,Omari Kelly,CHI,WR,WR291,16,10,0.0,774,839,806.50,32.50
867,Anthony Smith,DAL,WR,WR292,16,14,0.0,770,847,808.50,38.50
868,Brennan Presley,LAR,WR,WR293,16,11,0.0,781,837,809.00,28.00
869,Kaden Prather,GB,WR,WR294,16,11,1.1,786,834,810.00,24.00
870,Omari Evans,KC,WR,WR295,16,5,0.0,790,831,810.50,20.50
871,Tru Edwards,LAR,WR,WR296,16,11,0.0,785,838,811.50,26.50
872,JP Richardson,CHI,WR,WR297,16,10,0.0,783,841,812.00,29.00
873,Xavier Loyd,KC,WR,WR298,16,5,0.0,791,833,812.00,21.00
874,Lewis Bond,HOU,WR,WR299,16,8,1.1,777,850,813.50,36.50
875,Devonte Ross,LAC,WR,WR300,16,7,0.0,793,836,814.50,21.50
876,Nick Nash,WAS,WR,WR301,16,7,1.0,784,846,815.00,31.00
877,Jordan Moore,CIN,WR,WR302,16,6,0.0,787,845,816.00,29.00
878,Chris Hilton Jr.,GB,WR,WR303,16,11,0.0,802,840,821.00,19.00
879,Brandon Smith,PIT,WR,WR304,16,9,0.0,758,885,821.50,63.50
880,Sincere Brown,LAC,WR,WR305,16,7,0.0,804,842,823.00,19.00
881,Jamaal Pritchett,NYJ,WR,WR306,16,13,0.0,799,853,826.00,27.00
882,Jaden Bradley,WAS,WR,WR307,16,7,0.0,803,852,827.50,24.50
883,Noah Thomas,CIN,WR,WR308,16,6,1.1,806,849,827.50,21.50
884,Tyren Montgomery,TEN,WR,WR309,16,9,0.0,789,873,831.00,42.00
885,Rashad Rochelle,SEA,WR,WR310,16,11,0.0,812,851,831.50,19.50
886,Brandon Johnson,LV,WR,WR311,16,13,1.0,778,888,833.00,55.00
887,Josh Kelly,HOU,WR,WR312,16,8,0.0,808,858,833.00,25.00
888,E.J. Williams Jr.,LV,WR,WR313,16,13,0.0,811,855,833.00,22.00
889,Donaven McCulley,MIA,WR,WR314,16,6,0.0,807,862,834.50,27.50
890,Junior Bergen,NYJ,WR,WR315,16,13,0.0,817,857,837.00,20.00
891,Caullin Lacy,NYJ,WR,WR316,16,13,0.0,818,859,838.50,20.50
892,Dontae Fleming,MIN,WR,WR317,16,6,0.0,797,881,839.00,42.00
893,Eric Rivers Jr.,TB,WR,WR318,16,10,1.0,815,864,839.50,24.50
894,Malik McClain,NYJ,WR,WR319,16,13,0.0,819,860,839.50,20.50
895,Hakeem Butler,FA,WR,WR320,16,,0.0,813,867,840.00,27.00
896,Dillon Bell,MIN,WR,WR321,16,6,0.0,801,882,841.50,40.50
897,Dane Key,DEN,WR,WR322,16,10,1.0,816,870,843.00,27.00
898,AJ Henning,MIA,WR,WR323,16,6,0.0,820,866,843.00,23.00
899,Jordan Hudson,DAL,WR,WR324,16,14,0.0,825,863,844.00,19.00
900,Quez Watkins,PHI,WR,WR325,16,10,0.0,800,896,848.00,48.00
901,Danny Gray,PHI,WR,WR326,16,10,0.0,828,869,848.50,20.50
902,Stephen Gosnell,BUF,WR,WR327,16,7,0.0,822,876,849.00,27.00
903,Treyvhon Saunders,HOU,WR,WR328,16,8,0.0,830,868,849.00,19.00
904,Trey Palmer,NO,WR,WR329,16,8,1.8,809,891,850.00,41.00
905,Daniel Sobkowicz,HOU,WR,WR330,16,8,0.0,832,871,851.50,19.50
906,Dennis Houston,TB,WR,WR331,16,10,1.0,831,874,852.50,21.50
907,Wesley Grimes,SF,WR,WR332,16,8,0.0,835,875,855.00,20.00
908,Kolbe Katsis,DEN,WR,WR333,16,10,0.0,838,877,857.50,19.50
909,Nick DeGennaro,NE,WR,WR334,16,11,0.0,834,884,859.00,25.00
910,Dean Patterson IV,TB,WR,WR335,16,10,0.0,839,879,859.00,20.00
911,Cameron Dorner,NE,WR,WR336,16,11,0.0,836,883,859.50,23.50
912,Cameron Ross,DEN,WR,WR337,16,10,0.0,840,880,860.00,20.00
913,Kobe Prentice,FA,WR,WR338,16,,0.0,845,886,865.50,20.50
914,Keelan Marion,ATL,WR,WR339,16,11,0.0,841,893,867.00,26.00
915,Max Tomczak,BUF,WR,WR340,16,7,0.0,847,887,867.00,20.00
916,Johnny Wilson,PHI,WR,WR341,16,10,1.1,829,907,868.00,39.00
917,Hank Beatty,TEN,WR,WR342,16,9,0.0,844,892,868.00,24.00
918,Kyle Dixon,NE,WR,WR343,16,11,0.0,849,890,869.50,20.50
919,Ja'Mori Maclin,BUF,WR,WR344,16,7,0.0,850,889,869.50,19.50
920,Jackson Meeks,DET,WR,WR345,16,6,0.0,842,898,870.00,28.00
921,Lance McCutcheon,TEN,WR,WR346,16,9,1.0,852,895,873.50,21.50
922,Courtney Jackson,TEN,WR,WR347,16,9,0.0,855,894,874.50,19.50
923,Luke Floriea,CLE,WR,WR348,16,11,0.0,854,899,876.50,22.50
924,Brock Rechsteiner,NO,WR,WR349,16,8,0.0,857,897,877.00,20.00
925,Kole Wilson,CLE,WR,WR350,16,11,0.0,860,900,880.00,20.00
926,Bryson Green,FA,WR,WR351,16,,0.0,862,901,881.50,19.50
927,Cornelius Johnson,BAL,WR,WR352,16,13,1.0,858,906,882.00,24.00
928,Xavier Guillory,BAL,WR,WR353,16,13,0.0,863,902,882.50,19.50
929,Cortez Braham Jr.,BAL,WR,WR354,16,13,0.0,865,903,884.00,19.00
930,Harrison Wallace III,ARI,WR,WR355,16,14,0.0,866,904,885.00,19.00
931,Octavian Smith Jr.,BAL,WR,WR356,16,13,0.0,867,905,886.00,19.00
932,Irv Charles,SEA,WR,WR357,16,11,1.1,868,908,888.00,20.00
933,Phillip Dorsett II,LV,WR,WR358,16,13,0.0,869,909,889.00,20.00
934,Trenton Irwin,SF,WR,WR359,16,8,0.0,870,910,890.00,20.00
935,Ihmir Smith-Marsette,ARI,WR,WR360,16,14,1.0,871,911,891.00,20.00
