unified_rank,player,team,position,fantasypros_rank,sources_count,unified_score,pos_rank,tier,bye_week,owned_avg,rank_min,rank_max,rank_ave,rank_std
1,Jahmyr Gibbs,DET,RB,1,1,0.0010695187165775401,RB1,1,6.0,99.5,1,5,1.59,0.74
2,Bijan Robinson,ATL,RB,2,1,0.0021390374331550803,RB2,1,11.0,99.4,1,5,2.29,0.79
3,Ja'Marr Chase,CIN,WR,3,1,0.0032085561497326204,WR1,1,6.0,99.7,1,7,2.58,1.18
4,Puka Nacua,LAR,WR,4,1,0.0042780748663101605,WR2,1,11.0,99.7,1,10,4.34,1.42
5,Jaxon Smith-Njigba,SEA,WR,5,1,0.0053475935828877,WR3,1,11.0,99.7,2,14,6.06,1.71
6,Amon-Ra St. Brown,DET,WR,6,1,0.006417112299465241,WR4,1,6.0,99.7,4,19,6.7,1.68
7,Christian McCaffrey,SF,RB,7,1,0.0074866310160427805,RB3,1,8.0,99.6,3,20,8.43,3.98
8,Jonathan Taylor,IND,RB,8,1,0.008556149732620321,RB4,1,13.0,99.4,3,20,8.63,2.85
9,CeeDee Lamb,DAL,WR,9,1,0.009625668449197862,WR5,1,14.0,99.5,7,27,10.26,3.19
10,James Cook III,BUF,RB,10,1,0.0106951871657754,RB5,2,7.0,99.5,5,26,10.75,3.85
11,Justin Jefferson,MIN,WR,11,1,0.011764705882352941,WR6,2,6.0,99.4,6,47,11.54,5.16
12,Chase Brown,CIN,RB,12,1,0.012834224598930482,RB6,2,6.0,98.8,8,33,15.72,5.36
13,Drake London,ATL,WR,13,1,0.013903743315508022,WR7,2,11.0,99.1,8,34,16.0,5.05
14,Saquon Barkley,PHI,RB,14,1,0.014973262032085561,RB7,2,10.0,99.5,7,30,17.11,5.38
15,A.J. Brown,NE,WR,15,1,0.016042780748663103,WR8,2,11.0,99.3,8,35,17.15,6.16
16,De'Von Achane,MIA,RB,16,1,0.017112299465240642,RB8,2,6.0,99.3,10,45,18.35,6.6
17,Nico Collins,HOU,WR,17,1,0.01818181818181818,WR9,2,8.0,99.5,10,33,19.07,4.52
18,Brock Bowers,LV,TE,18,1,0.019251336898395723,TE1,2,13.0,99.6,11,66,19.24,7.42
19,Omarion Hampton,LAC,RB,19,1,0.020320855614973262,RB9,2,7.0,99.3,10,45,20.1,6.26
20,Derrick Henry,BAL,RB,20,1,0.0213903743315508,RB10,2,13.0,99.2,10,37,20.79,5.49
21,Kenneth Walker III,KC,RB,21,1,0.022459893048128343,RB11,2,5.0,99.2,9,55,21.45,9.77
22,George Pickens,DAL,WR,22,1,0.023529411764705882,WR10,2,14.0,99.3,9,41,22.91,5.49
23,Ashton Jeanty,LV,RB,23,1,0.02459893048128342,RB12,2,13.0,99.4,5,58,23.01,9.65
24,Chris Olave,NO,WR,24,1,0.025668449197860963,WR11,2,8.0,98.2,9,39,23.68,5.92
25,Trey McBride,ARI,TE,25,1,0.026737967914438502,TE2,3,14.0,99.4,12,61,24.45,8.37
26,Josh Allen,BUF,QB,26,1,0.027807486631016044,QB1,3,7.0,99.8,19,48,28.45,6.11
27,Malik Nabers,NYG,WR,27,1,0.028877005347593583,WR12,3,8.0,98.8,9,54,28.94,9.26
28,Rashee Rice,KC,WR,28,1,0.029946524064171122,WR13,3,5.0,98.9,11,49,29.39,8.43
29,DeVonta Smith,PHI,WR,29,1,0.031016042780748664,WR14,3,10.0,98.9,17,50,29.95,6.53
30,Zay Flowers,BAL,WR,30,1,0.03208556149732621,WR15,3,13.0,98.3,21,56,33.04,6.84
31,Kyren Williams,LAR,RB,31,1,0.033155080213903745,RB13,3,11.0,97.9,17,55,33.63,7.91
32,Tee Higgins,CIN,WR,32,1,0.034224598930481284,WR16,3,6.0,97.1,19,52,36.43,6.11
33,Javonte Williams,DAL,RB,33,1,0.03529411764705882,RB14,3,14.0,98.1,18,63,37.35,8.02
34,Breece Hall,NYJ,RB,34,1,0.03636363636363636,RB15,3,13.0,97.4,20,53,37.92,7.61
35,Tetairoa McMillan,CAR,WR,35,1,0.0374331550802139,WR17,3,5.0,98.0,23,58,37.97,6.45
36,Lamar Jackson,BAL,QB,36,1,0.038502673796791446,QB2,3,13.0,99.2,23,77,38.2,12.6
37,Josh Jacobs,GB,RB,37,1,0.039572192513368985,RB16,3,11.0,98.2,17,60,38.75,8.58
38,Garrett Wilson,NYJ,WR,38,1,0.040641711229946524,WR18,3,13.0,96.7,25,61,39.16,7.23
39,Ladd McConkey,LAC,WR,39,1,0.04171122994652406,WR19,3,7.0,97.2,21,65,39.55,7.5
40,Jaylen Waddle,DEN,WR,40,1,0.0427807486631016,WR20,3,10.0,96.9,25,70,39.58,8.14
41,Emeka Egbuka,TB,WR,41,1,0.04385026737967915,WR21,4,10.0,97.5,16,68,41.17,8.46
42,Colston Loveland,CHI,TE,42,1,0.044919786096256686,TE3,4,10.0,99.4,22,104,41.4,14.14
43,Jeremiyah Love,ARI,RB,43,1,0.045989304812834225,RB17,4,14.0,98.4,26,66,41.51,8.88
44,Drake Maye,NE,QB,44,1,0.047058823529411764,QB3,4,11.0,99.3,25,90,43.93,16.3
45,Travis Etienne Jr.,NO,RB,45,1,0.0481283422459893,RB18,4,8.0,96.7,26,64,45.81,7.73
46,Terry McLaurin,WAS,WR,46,1,0.04919786096256684,WR22,4,7.0,94.1,31,79,48.37,7.38
47,Davante Adams,LAR,WR,47,1,0.05026737967914439,WR23,4,11.0,96.2,35,74,49.73,7.91
48,D'Andre Swift,CHI,RB,48,1,0.051336898395721926,RB19,4,10.0,93.5,25,67,49.88,8.73
49,Joe Burrow,CIN,QB,49,1,0.052406417112299465,QB4,4,6.0,98.0,27,100,50.72,14.82
50,Luther Burden III,CHI,WR,50,1,0.053475935828877004,WR24,4,10.0,94.0,27,80,51.62,10.28
51,Cam Skattebo,NYG,RB,51,1,0.05454545454545454,RB20,4,8.0,97.8,32,71,53.41,7.96
52,Jameson Williams,DET,WR,52,1,0.05561497326203209,WR25,4,6.0,93.6,35,89,53.79,10.5
53,Tyler Warren,IND,TE,53,1,0.05668449197860963,TE4,4,13.0,98.7,24,84,54.06,11.9
54,Bucky Irving,TB,RB,54,1,0.057754010695187166,RB21,4,10.0,96.0,24,77,54.79,8.14
55,Quinshon Judkins,CLE,RB,55,1,0.058823529411764705,RB22,4,11.0,95.0,33,72,55.35,7.98
56,David Montgomery,HOU,RB,56,1,0.059893048128342244,RB23,4,8.0,93.3,37,86,55.75,8.09
57,DJ Moore,BUF,WR,57,1,0.06096256684491978,WR26,4,7.0,94.7,21,101,56.13,13.57
58,Christian Watson,GB,WR,58,1,0.06203208556149733,WR27,4,11.0,89.6,35,100,56.6,10.4
59,Jayden Daniels,WAS,QB,59,1,0.06310160427807486,QB5,4,7.0,98.1,27,103,57.08,15.75
60,Mike Evans,SF,WR,60,1,0.06417112299465241,WR28,4,8.0,90.7,35,87,57.46,10.97
61,Rome Odunze,CHI,WR,61,1,0.06524064171122995,WR29,4,10.0,93.6,39,88,58.01,9.68
62,Jalen Hurts,PHI,QB,62,1,0.06631016042780749,QB6,4,10.0,97.3,29,100,59.73,12.4
63,Bhayshul Tuten,JAC,RB,63,1,0.06737967914438503,RB24,4,7.0,92.0,33,89,61.34,9.96
64,TreVeyon Henderson,NE,RB,64,1,0.06844919786096257,RB25,5,11.0,93.2,39,97,65.16,10.27
65,Jadarian Price,SEA,RB,65,1,0.06951871657754011,RB26,5,11.0,89.9,35,116,65.67,9.83
66,Parker Washington,JAC,WR,66,1,0.07058823529411765,WR30,5,7.0,87.0,44,114,69.26,15.58
67,Caleb Williams,CHI,QB,67,1,0.07165775401069518,QB7,5,10.0,94.3,27,122,69.37,15.23
68,Tucker Kraft,GB,TE,68,1,0.07272727272727272,TE5,5,11.0,93.2,34,109,71.65,11.99
69,Marvin Harrison Jr.,ARI,WR,69,1,0.07379679144385026,WR31,5,14.0,90.1,48,108,73.25,11.54
70,Rhamondre Stevenson,NE,RB,70,1,0.0748663101604278,RB27,5,11.0,88.2,55,113,73.26,10.01
71,Justin Herbert,LAC,QB,71,1,0.07593582887700535,QB8,5,7.0,91.5,36,140,73.71,15.41
72,Jaylen Warren,PIT,RB,72,1,0.07700534759358289,RB28,5,9.0,88.4,59,100,74.25,8.52
73,Carnell Tate,TEN,WR,73,1,0.07807486631016043,WR32,5,9.0,91.5,50,134,74.53,14.08
74,Trevor Lawrence,JAC,QB,74,1,0.07914438502673797,QB9,5,7.0,89.7,36,127,78.87,13.69
75,Brian Thomas Jr.,JAC,WR,75,1,0.08021390374331551,WR33,5,7.0,88.0,50,126,78.93,13.31
76,DK Metcalf,PIT,WR,76,1,0.08128342245989305,WR34,5,9.0,89.7,50,115,79.49,12.05
77,Tony Pollard,TEN,RB,77,1,0.08235294117647059,RB29,5,9.0,86.1,55,112,79.49,10.23
78,Dak Prescott,DAL,QB,78,1,0.08342245989304813,QB10,5,14.0,92.4,36,165,79.84,17.49
79,Harold Fannin Jr.,CLE,TE,79,1,0.08449197860962566,TE6,5,11.0,95.1,54,182,81.07,17.86
80,Rico Dowdle,PIT,RB,80,1,0.0855614973262032,RB30,5,9.0,86.2,58,119,82.73,11.08
81,Sam LaPorta,DET,TE,81,1,0.08663101604278074,TE7,5,6.0,95.3,56,130,82.9,13.16
82,Chris Godwin Jr.,TB,WR,82,1,0.0877005347593583,WR35,5,10.0,78.8,61,125,83.51,13.42
83,Kyle Pitts Sr.,ATL,TE,83,1,0.08877005347593583,TE8,5,11.0,96.2,59,114,84.48,9.51
84,Jonathon Brooks,CAR,RB,84,1,0.08983957219251337,RB31,5,5.0,80.2,55,149,85.07,18.35
85,Courtland Sutton,DEN,WR,85,1,0.09090909090909091,WR36,5,10.0,88.2,54,119,85.66,13.63
86,J.K. Dobbins,DEN,RB,86,1,0.09197860962566845,RB32,5,10.0,82.6,65,125,89.84,13.25
87,Michael Pittman Jr.,PIT,WR,87,1,0.09304812834224599,WR37,5,9.0,82.5,61,121,90.95,12.97
88,Michael Wilson,ARI,WR,88,1,0.09411764705882353,WR38,5,14.0,85.3,60,143,92.91,16.12
89,Quentin Johnston,LAC,WR,89,1,0.09518716577540107,WR39,5,7.0,75.6,63,134,93.08,13.06
90,Brock Purdy,SF,QB,90,1,0.0962566844919786,QB11,6,8.0,85.8,36,132,96.24,13.99
91,Chuba Hubbard,CAR,RB,91,1,0.09732620320855614,RB33,6,5.0,85.7,66,134,96.31,16.35
92,Blake Corum,LAR,RB,92,1,0.09839572192513368,RB34,6,11.0,79.8,68,135,96.65,13.88
93,George Kittle,SF,TE,93,1,0.09946524064171124,TE9,6,8.0,90.1,34,221,97.25,19.5
94,Josh Downs,IND,WR,94,1,0.10053475935828877,WR40,6,13.0,77.8,60,139,97.42,16.68
95,Alec Pierce,IND,WR,95,1,0.10160427807486631,WR41,6,13.0,83.6,69,175,98.15,19.85
96,Jaxson Dart,NYG,QB,96,1,0.10267379679144385,QB12,6,8.0,92.7,57,198,99.07,18.75
97,RJ Harvey,DEN,RB,97,1,0.10374331550802139,RB35,6,10.0,81.9,61,145,100.63,17.29
98,Jacory Croskey-Merritt,WAS,RB,98,1,0.10481283422459893,RB36,6,7.0,75.9,71,133,100.74,13.53
99,Wan'Dale Robinson,TEN,WR,99,1,0.10588235294117647,WR42,6,9.0,72.3,63,132,101.28,15.67
100,Stefon Diggs,WAS,WR,100,1,0.10695187165775401,WR43,6,7.0,78.4,59,220,101.84,29.83
101,Bo Nix,DEN,QB,101,1,0.10802139037433155,QB13,6,10.0,88.3,69,170,102.44,15.4
102,Patrick Mahomes II,KC,QB,102,1,0.10909090909090909,QB14,6,5.0,87.1,62,166,102.69,16.68
103,Travis Kelce,KC,TE,103,1,0.11016042780748662,TE10,6,5.0,91.1,66,172,104.05,16.05
104,Jordan Addison,MIN,WR,104,1,0.11122994652406418,WR44,6,6.0,79.7,74,163,104.89,16.93
105,Kenny Gainwell,TB,RB,105,1,0.11229946524064172,RB37,6,10.0,79.2,71,132,106.19,12.93
106,Jordan Mason,MIN,RB,106,1,0.11336898395721925,RB38,6,6.0,70.3,67,146,106.52,16.51
107,Jayden Reed,GB,WR,107,1,0.1144385026737968,WR45,6,11.0,77.8,68,151,106.68,16.83
108,Matthew Stafford,LAR,QB,108,1,0.11550802139037433,QB15,6,11.0,91.6,62,184,107.41,19.66
109,Kyle Monangai,CHI,RB,109,1,0.11657754010695187,RB39,6,10.0,79.5,71,151,108.26,15.2
110,Jared Goff,DET,QB,110,1,0.11764705882352941,QB16,6,6.0,75.2,58,190,109.6,17.33
111,Jakobi Meyers,JAC,WR,111,1,0.11871657754010695,WR46,6,7.0,72.3,71,153,109.78,17.51
112,Rachaad White,WAS,RB,112,1,0.11978609625668449,RB40,6,7.0,70.0,79,191,111.92,16.23
113,Dalton Kincaid,BUF,TE,113,1,0.12085561497326203,TE11,6,7.0,83.8,76,222,112.0,18.67
114,Makai Lemon,PHI,WR,114,1,0.12192513368983957,WR47,6,10.0,77.8,75,165,112.08,20.31
115,Aaron Jones Sr.,MIN,RB,115,1,0.12299465240641712,RB41,6,6.0,73.8,77,147,113.66,14.81
116,Dallas Goedert,PHI,TE,116,1,0.12406417112299466,TE12,6,10.0,85.6,84,170,117.47,15.82
117,Isaiah Likely,NYG,TE,117,1,0.12513368983957218,TE13,6,8.0,81.3,84,255,122.38,31.89
118,KC Concepcion,CLE,WR,118,1,0.12620320855614972,WR48,6,11.0,64.8,82,257,123.76,26.97
119,Baker Mayfield,TB,QB,119,1,0.12727272727272726,QB17,6,10.0,59.6,62,221,123.95,19.16
120,Kyler Murray,MIN,QB,120,1,0.12834224598930483,QB18,6,6.0,66.2,77,205,117.41,17.96
121,Jordan Love,GB,QB,121,1,0.12941176470588237,QB19,6,11.0,54.9,75,232,124.98,19.99
122,Chris Rodriguez Jr.,JAC,RB,122,1,0.1304812834224599,RB42,6,7.0,43.6,92,210,127.41,17.47
123,Mark Andrews,BAL,TE,123,1,0.13155080213903744,TE14,6,13.0,81.6,86,204,128.3,21.76
124,Xavier Worthy,KC,WR,124,1,0.13262032085561498,WR49,6,5.0,64.2,87,196,128.38,17.52
125,Romeo Doubs,NE,WR,125,1,0.13368983957219252,WR50,6,11.0,58.5,81,192,130.2,18.03
126,Matthew Golden,GB,WR,126,1,0.13475935828877006,WR51,6,11.0,73.7,83,208,131.14,23.27
127,Jalen Coker,CAR,WR,127,1,0.1358288770053476,WR52,6,5.0,49.0,87,197,131.28,20.37
128,Tyler Shough,NO,QB,128,1,0.13689839572192514,QB20,6,8.0,43.5,88,289,131.61,26.65
129,Woody Marks,HOU,RB,129,1,0.13796791443850268,RB43,6,8.0,49.9,79,189,131.91,15.31
130,Tyler Allgeier,ARI,RB,130,1,0.13903743315508021,RB44,6,14.0,43.3,97,161,131.92,12.68
131,Jake Ferguson,DAL,TE,131,1,0.14010695187165775,TE15,6,14.0,84.0,93,184,124.83,17.86
132,Khalil Shakir,BUF,WR,132,1,0.1411764705882353,WR53,6,7.0,60.1,91,167,132.19,15.17
133,Jordyn Tyson,NO,WR,133,1,0.14224598930481283,WR54,6,8.0,69.7,91,244,137.87,31.42
134,Tyjae Spears,TEN,RB,134,1,0.14331550802139037,RB45,7,9.0,40.4,107,221,143.31,19.82
135,Deebo Samuel Sr.,SF,WR,135,1,0.1443850267379679,WR55,7,8.0,60.2,79,244,139.98,35.45
136,Malik Willis,MIA,QB,136,1,0.14545454545454545,QB21,7,6.0,39.1,92,655,141.39,58.69
137,Keaton Mitchell,LAC,RB,137,1,0.146524064171123,RB46,7,7.0,33.1,102,300,145.14,28.35
138,Juwan Johnson,NO,TE,138,1,0.14759358288770053,TE16,7,8.0,46.9,105,260,139.03,23.66
139,Tank Bigsby,PHI,RB,139,1,0.14866310160427806,RB47,7,10.0,29.9,106,294,154.5,22.09
140,Sam Darnold,SEA,QB,140,1,0.1497326203208556,QB22,7,11.0,38.8,104,297,149.35,26.45
141,Hunter Henry,NE,TE,141,1,0.15080213903743314,TE17,7,11.0,64.6,117,235,157.92,21.74
142,Jonah Coleman,DEN,RB,142,1,0.1518716577540107,RB48,7,10.0,30.1,103,297,151.42,31.63
143,Zach Charbonnet,SEA,RB,143,1,0.15294117647058825,RB49,7,11.0,57.5,101,253,144.59,24.63
144,Rashid Shaheed,SEA,WR,144,1,0.15401069518716579,WR56,7,11.0,47.0,109,194,147.94,15.97
145,De'Zhaun Stribling,SF,WR,145,1,0.15508021390374332,WR57,7,8.0,47.4,75,269,133.62,40.69
146,C.J. Stroud,HOU,QB,146,1,0.15614973262032086,QB23,7,8.0,32.7,107,296,154.18,27.51
147,Dylan Sampson,CLE,RB,147,1,0.1572192513368984,RB50,7,11.0,18.9,117,268,154.19,23.41
148,Brenton Strange,JAC,TE,148,1,0.15828877005347594,TE18,7,7.0,42.4,111,228,154.71,22.98
149,Tyrone Tracy Jr.,NYG,RB,149,1,0.15935828877005348,RB51,7,8.0,33.4,113,277,154.89,31.46
150,Isiah Pacheco,DET,RB,150,1,0.16042780748663102,RB52,7,6.0,38.5,118,246,155.81,24.66
151,Alvin Kamara,NO,RB,151,1,0.16149732620320856,RB53,7,8.0,41.9,113,296,162.87,34.69
152,Chig Okonkwo,WAS,TE,152,1,0.1625668449197861,TE19,7,7.0,37.5,112,271,163.77,28.65
153,Dalton Schultz,HOU,TE,153,1,0.16363636363636364,TE20,7,8.0,25.9,111,238,168.33,26.04
154,Cam Ward,TEN,QB,154,1,0.16470588235294117,QB24,7,9.0,18.2,107,486,170.52,42.16
155,Daniel Jones,IND,QB,155,1,0.1657754010695187,QB25,7,13.0,34.4,111,299,159.07,30.84
156,Brian Robinson Jr.,ATL,RB,156,1,0.16684491978609625,RB54,7,11.0,36.3,131,254,161.09,19.18
157,Adonai Mitchell,NYJ,WR,157,1,0.1679144385026738,WR58,7,13.0,14.3,115,241,169.38,23.47
158,Denzel Boston,CLE,WR,158,1,0.16898395721925133,WR59,7,11.0,35.2,109,313,156.08,32.22
159,Braelon Allen,NYJ,RB,159,1,0.17005347593582887,RB55,7,13.0,16.0,103,341,164.57,32.5
160,MarShawn Lloyd,GB,RB,160,1,0.1711229946524064,RB56,7,11.0,18.8,117,312,172.73,48.17
161,Tre Tucker,LV,WR,161,1,0.17219251336898395,WR60,7,13.0,20.3,116,264,168.79,25.91
162,Jauan Jennings,MIN,WR,162,1,0.17326203208556148,WR61,7,6.0,25.5,108,276,170.43,31.06
163,Jalen McMillan,TB,WR,163,1,0.17433155080213902,WR62,7,10.0,21.8,124,296,173.99,27.91
164,Jerry Jeudy,CLE,WR,164,1,0.1754010695187166,WR63,7,11.0,28.2,125,264,175.05,26.87
165,Mike Washington Jr.,LV,RB,165,1,0.17647058823529413,RB57,7,13.0,41.7,105,298,155.43,39.19
166,Ray Davis,BUF,RB,166,1,0.17754010695187167,RB58,7,7.0,12.0,128,250,188.21,29.02
167,AJ Barner,SEA,TE,167,1,0.1786096256684492,TE21,7,11.0,20.8,123,265,196.1,24.1
168,Tre' Harris,LAC,WR,168,1,0.17967914438502675,WR64,7,7.0,9.4,125,276,184.17,28.14
169,Bryce Young,CAR,QB,169,1,0.18074866310160428,QB26,7,5.0,23.3,121,484,189.17,45.02
170,T.J. Hockenson,MIN,TE,170,1,0.18181818181818182,TE22,7,6.0,50.1,110,257,196.46,28.26
171,Dontayvion Wicks,PHI,WR,171,1,0.18288770053475936,WR65,8,10.0,12.2,122,268,190.51,32.32
172,Terrance Ferguson,LAR,TE,172,1,0.1839572192513369,TE23,8,11.0,18.9,111,391,199.26,45.77
173,Kayshon Boutte,HOU,WR,173,1,0.18502673796791444,WR66,8,8.0,16.3,118,311,182.88,29.54
174,Emmett Johnson,KC,RB,174,1,0.18609625668449198,RB59,8,5.0,19.8,126,285,185.25,33.53
175,Oronde Gadsden II,LAC,TE,175,1,0.18716577540106952,TE24,8,7.0,33.2,106,289,192.53,39.29
176,Jalen Nailor,LV,WR,176,1,0.18823529411764706,WR67,8,13.0,28.1,115,309,192.71,35.19
177,Omar Cooper Jr.,NYJ,WR,177,1,0.1893048128342246,WR68,8,13.0,24.7,129,318,188.02,36.76
178,Pat Bryant,DEN,WR,178,1,0.19037433155080213,WR69,8,10.0,7.2,128,302,194.93,30.33
179,Ryan Flournoy,DAL,WR,179,1,0.19144385026737967,WR70,8,14.0,9.4,135,330,188.48,30.16
180,Malik Washington,MIA,WR,180,1,0.1925133689839572,WR71,8,6.0,16.4,135,295,199.07,34.01
181,Sean Tucker,TB,RB,181,1,0.19358288770053475,RB60,8,10.0,10.8,142,337,194.98,36.17
182,Jacoby Brissett,ARI,QB,182,1,0.1946524064171123,QB27,8,14.0,16.3,126,483,210.27,47.7
183,Kimani Vidal,LAC,RB,183,1,0.19572192513368983,RB61,8,7.0,6.6,149,371,193.97,36.65
184,Calvin Ridley,TEN,WR,184,1,0.19679144385026737,WR72,8,9.0,12.7,134,310,201.35,34.11
185,Kenyon Sadiq,NYJ,TE,185,1,0.19786096256684493,TE25,8,13.0,52.4,141,374,210.75,34.56
186,Keenan Allen,IND,WR,186,1,0.19893048128342247,WR73,8,13.0,23.0,108,301,200.05,59.51
187,Tank Dell,HOU,WR,187,1,0.2,WR74,8,8.0,28.1,132,292,208.52,35.6
188,Nicholas Singleton,TEN,RB,188,1,0.20106951871657755,RB62,8,9.0,16.6,138,336,205.92,39.16
189,Jaylin Noel,HOU,WR,189,1,0.2021390374331551,WR75,8,8.0,6.7,139,299,200.2,28.77
190,Gunnar Helm,TEN,TE,190,1,0.20320855614973263,TE26,8,9.0,8.4,149,289,221.49,25.96
191,Travis Hunter,JAC,WR,191,1,0.20427807486631017,WR76,8,7.0,65.8,83,302,189.7,38.84
192,Houston Texans,HOU,DST,192,1,0.2053475935828877,DST1,8,8.0,97.9,121,311,155.76,23.58
193,Denver Broncos,DEN,DST,193,1,0.20641711229946524,DST2,8,10.0,97.3,131,313,164.92,22.58
194,Geno Smith,NYJ,QB,194,1,0.20748663101604278,QB28,8,13.0,8.1,132,488,237.49,42.57
195,Seattle Seahawks,SEA,DST,195,1,0.20855614973262032,DST3,8,11.0,96.7,132,317,168.08,21.81
196,Los Angeles Rams,LAR,DST,196,1,0.20962566844919786,DST4,8,11.0,86.9,114,315,168.41,22.59
197,Jaydon Blue,DAL,RB,197,1,0.2106951871657754,RB63,8,14.0,8.0,126,370,212.69,45.14
198,Isaac TeSlaa,DET,WR,198,1,0.21176470588235294,WR77,8,6.0,10.4,157,302,213.27,25.66
199,Rashod Bateman,BAL,WR,199,1,0.21283422459893048,WR78,8,13.0,6.8,162,295,220.35,28.79
200,Cade Otton,TB,TE,200,1,0.21390374331550802,TE27,8,10.0,14.9,179,287,235.47,23.41
201,Pat Freiermuth,PIT,TE,201,1,0.21497326203208555,TE28,8,9.0,11.7,154,289,229.09,27.14
202,Kaytron Allen,WAS,RB,202,1,0.2160427807486631,RB64,8,7.0,12.4,142,338,216.5,40.34
203,Aaron Rodgers,PIT,QB,203,1,0.21711229946524063,QB29,8,9.0,12.1,124,485,232.93,46.35
204,Philadelphia Eagles,PHI,DST,204,1,0.21818181818181817,DST5,8,10.0,85.3,134,319,175.94,22.63
205,Jacksonville Jaguars,JAC,DST,205,1,0.2192513368983957,DST6,8,7.0,68.8,147,342,191.66,30.35
206,Emanuel Wilson,SEA,RB,206,1,0.22032085561497325,RB65,8,11.0,4.0,134,335,209.97,38.6
207,New England Patriots,NE,DST,207,1,0.22139037433155082,DST7,8,11.0,83.8,155,366,188.1,27.3
208,Pittsburgh Steelers,PIT,DST,208,1,0.22245989304812835,DST8,8,9.0,67.5,152,336,188.78,25.72
209,Brandon Aubrey,DAL,K,209,1,0.2235294117647059,K1,8,14.0,99.7,111,310,183.24,23.89
210,Los Angeles Chargers,LAC,DST,210,1,0.22459893048128343,DST9,8,7.0,44.6,156,329,193.19,24.46
211,Minnesota Vikings,MIN,DST,211,1,0.22566844919786097,DST10,8,6.0,62.8,151,325,186.93,23.23
212,Cameron Dicker,LAC,K,212,1,0.2267379679144385,K2,8,7.0,97.3,136,318,194.51,24.4
213,James Conner,ARI,RB,213,1,0.22780748663101605,RB66,8,14.0,18.0,121,344,203.71,39.54
214,Darnell Mooney,NYG,WR,214,1,0.2288770053475936,WR79,8,8.0,9.7,167,368,218.9,26.89
215,Ka'imi Fairbairn,HOU,K,215,1,0.22994652406417113,K3,8,8.0,91.7,110,314,191.96,21.71
216,Cooper Kupp,SEA,WR,216,1,0.23101604278074866,WR80,8,11.0,15.1,158,301,229.29,27.78
217,Cam Little,JAC,K,217,1,0.2320855614973262,K4,8,7.0,91.8,148,316,199.06,21.87
218,George Holani,SEA,RB,218,1,0.23315508021390374,RB67,8,11.0,5.1,151,555,235.18,49.48
219,Troy Franklin,DEN,WR,219,1,0.23422459893048128,WR81,8,10.0,4.8,145,314,216.08,36.66
220,Baltimore Ravens,BAL,DST,220,1,0.23529411764705882,DST11,8,13.0,56.3,160,331,198.41,24.41
221,Kansas City Chiefs,KC,DST,221,1,0.23636363636363636,DST12,8,5.0,21.2,175,348,213.96,29.09
222,Jason Myers,SEA,K,222,1,0.2374331550802139,K5,8,11.0,96.6,137,318,199.72,21.39
223,Jaylen Wright,MIA,RB,223,1,0.23850267379679144,RB68,8,6.0,4.6,159,340,222.81,30.08
224,Tyler Loop,BAL,K,224,1,0.23957219251336898,K6,8,13.0,56.0,154,322,210.99,22.3
225,David Njoku,LAC,TE,225,1,0.24064171122994651,TE29,9,7.0,15.6,149,352,242.05,31.16
226,Eddy Pineiro,SF,K,226,1,0.24171122994652405,K7,9,8.0,61.9,155,320,209.49,20.43
227,Jake Bates,DET,K,227,1,0.2427807486631016,K8,9,6.0,67.4,156,324,224.93,22.24
228,Green Bay Packers,GB,DST,228,1,0.24385026737967913,DST13,9,11.0,29.7,156,350,205.2,32.49
229,Germie Bernard,PIT,WR,229,1,0.2449197860962567,WR82,9,9.0,12.5,159,336,231.67,29.15
230,Fernando Mendoza,LV,QB,230,1,0.24598930481283424,QB30,9,13.0,26.0,170,708,266.89,57.8
231,Harrison Mevis,LAR,K,231,1,0.24705882352941178,K9,9,11.0,70.8,157,334,229.74,23.25
232,Evan Engram,DEN,TE,232,1,0.24812834224598931,TE30,9,10.0,8.0,195,299,251.77,22.67
233,Zachariah Branch,ATL,WR,233,1,0.24919786096256685,WR83,9,11.0,17.1,153,295,231.07,34.6
234,Malachi Fields,NYG,WR,234,1,0.25026737967914436,WR84,9,8.0,10.2,137,345,240.26,35.08
235,Colby Parkinson,LAR,TE,235,1,0.25133689839572193,TE31,9,11.0,11.5,204,343,254.76,22.79
236,Cairo Santos,CHI,K,236,1,0.25240641711229944,K10,9,10.0,28.4,174,328,220.3,23.22
237,Devaughn Vele,NO,WR,237,1,0.253475935828877,WR85,9,8.0,7.6,154,302,249.24,37.2
238,Buffalo Bills,BUF,DST,238,1,0.2545454545454545,DST14,9,7.0,30.7,178,353,228.41,30.21
239,Detroit Lions,DET,DST,239,1,0.2556149732620321,DST15,9,6.0,61.1,164,339,221.17,33.13
240,Kaelon Black,SF,RB,240,1,0.25668449197860965,RB69,9,8.0,11.2,128,321,222.89,52.14
241,Ollie Gordon II,MIA,RB,241,1,0.25775401069518716,RB70,9,6.0,2.3,159,456,237.54,33.65
242,Justice Hill,BAL,RB,242,1,0.25882352941176473,RB71,9,13.0,8.8,141,303,235.51,35.64
243,Demond Claiborne,MIN,RB,243,1,0.25989304812834224,RB72,9,6.0,9.5,140,336,237.28,35.76
244,Chase McLaughlin,TB,K,244,1,0.2609625668449198,K11,9,10.0,16.2,176,330,230.37,24.03
245,Antonio Williams,WAS,WR,245,1,0.2620320855614973,WR86,9,7.0,16.6,146,367,230.71,42.2
246,Jack Bech,LV,WR,246,1,0.2631016042780749,WR87,9,13.0,3.5,149,327,245.39,30.99
247,Keon Coleman,BUF,WR,247,1,0.2641711229946524,WR88,9,7.0,5.0,180,339,248.44,31.31
248,Andy Borregales,NE,K,248,1,0.26524064171122996,K12,9,11.0,23.3,178,332,227.84,24.18
249,Isaiah Davis,NYJ,RB,249,1,0.2663101604278075,RB73,9,13.0,1.9,172,372,249.84,29.99
250,Tua Tagovailoa,ATL,QB,250,1,0.26737967914438504,QB31,9,11.0,13.1,142,706,276.62,56.12
251,Tory Horton,SEA,WR,251,1,0.26844919786096255,WR89,9,11.0,4.1,192,364,258.75,27.64
252,Evan McPherson,CIN,K,252,1,0.2695187165775401,K13,9,6.0,38.9,175,326,215.81,23.81
253,Elic Ayomanor,TEN,WR,253,1,0.27058823529411763,WR90,9,9.0,3.0,179,349,249.55,33.06
254,Ja'Kobi Lane,BAL,WR,254,1,0.2716577540106952,WR91,9,13.0,21.8,148,339,222.09,48.21
255,Chris Brooks,GB,RB,255,1,0.2727272727272727,RB74,9,11.0,1.8,174,557,259.16,42.5
256,Najee Harris,NYG,RB,256,1,0.2737967914438503,RB75,9,8.0,8.1,153,346,239.71,50.99
257,Cleveland Browns,CLE,DST,257,1,0.2748663101604278,DST16,9,11.0,20.4,160,341,219.69,34.91
258,Jordan James,SF,RB,258,1,0.27593582887700535,RB76,9,8.0,5.0,174,365,256.72,34.54
259,Samaje Perine,CIN,RB,259,1,0.27700534759358286,RB77,9,6.0,4.7,146,392,257.21,40.12
260,Ted Hurst III,TB,WR,260,1,0.27807486631016043,WR92,9,10.0,9.4,169,396,245.28,37.0
261,Harrison Butker,KC,K,261,1,0.279144385026738,K14,9,5.0,44.1,192,340,246.88,26.1
262,Ty Johnson,BUF,RB,262,1,0.2802139037433155,RB78,9,7.0,1.7,172,386,256.26,30.91
263,Chimere Dike,TEN,WR,263,1,0.2812834224598931,WR93,9,9.0,4.7,163,346,243.08,35.22
264,Chris Boswell,PIT,K,264,1,0.2823529411764706,K15,9,9.0,32.3,184,336,240.86,20.79
265,Tyquan Thornton,KC,WR,265,1,0.28342245989304815,WR94,9,5.0,3.6,162,331,255.81,34.05
266,LeQuint Allen Jr.,JAC,RB,266,1,0.28449197860962566,RB79,9,7.0,2.4,186,558,271.91,40.92
267,Michael Penix Jr.,ATL,QB,267,1,0.28556149732620323,QB32,9,11.0,5.3,156,487,287.23,39.05
268,Chris Bell,MIA,WR,268,1,0.28663101604278074,WR95,9,6.0,11.6,139,304,245.74,38.8
269,Kirk Cousins,LV,QB,269,1,0.2877005347593583,QB33,9,13.0,5.8,175,657,289.28,50.33
270,Wil Lutz,DEN,K,270,1,0.2887700534759358,K16,9,10.0,9.7,177,342,262.89,29.4
271,Greg Dulcich,MIA,TE,271,1,0.2898395721925134,TE32,9,6.0,14.5,129,356,204.66,42.05
272,Darius Slayton,NYG,WR,272,1,0.2909090909090909,WR96,9,8.0,2.2,200,368,266.2,27.49
273,Malik Davis,DAL,RB,273,1,0.29197860962566846,RB80,9,14.0,2.4,174,357,257.85,29.09
274,DJ Giddens,IND,RB,274,1,0.293048128342246,RB81,9,13.0,1.4,196,552,268.81,39.16
275,Christian Kirk,SF,WR,275,1,0.29411764705882354,WR97,9,8.0,6.6,175,377,264.11,33.63
276,Xavier Legette,CAR,WR,276,1,0.29518716577540105,WR98,9,5.0,2.0,201,329,268.34,29.06
277,Mason Taylor,NYJ,TE,277,1,0.2962566844919786,TE33,9,13.0,4.1,219,357,270.43,28.49
278,Deshaun Watson,CLE,QB,278,1,0.29732620320855613,QB34,9,11.0,9.6,205,656,294.76,48.28
279,Elijah Sarratt,BAL,WR,279,1,0.2983957219251337,WR99,9,13.0,8.4,197,315,258.95,22.99
280,Theo Johnson,NYG,TE,280,1,0.2994652406417112,TE34,9,8.0,3.7,180,344,269.53,32.58
281,Will Reichard,MIN,K,281,1,0.30053475935828877,K17,9,6.0,42.8,159,338,250.46,29.15
282,Seth McGowan,IND,RB,282,1,0.3016042780748663,RB82,9,13.0,2.3,156,355,259.16,41.8
283,Shedeur Sanders,CLE,QB,283,1,0.30267379679144385,QB35,9,11.0,6.5,194,705,296.68,53.14
284,Caleb Douglas,MIA,WR,284,1,0.3037433155080214,WR100,9,6.0,8.5,118,331,210.39,53.95
285,Marvin Mims Jr.,DEN,WR,285,1,0.3048128342245989,WR101,9,10.0,6.2,200,376,269.73,28.26
286,Devin Neal,NO,RB,286,1,0.3058823529411765,RB83,9,8.0,3.7,161,453,258.35,45.03
287,Kendre Miller,NO,RB,287,1,0.306951871657754,RB84,9,8.0,3.5,156,387,274.49,36.02
288,Adam Randall,BAL,RB,288,1,0.30802139037433157,RB85,9,13.0,3.2,157,367,273.58,35.33
289,Emari Demercado,KC,RB,289,1,0.3090909090909091,RB86,9,5.0,1.4,168,347,283.84,27.86
290,Brashard Smith,KC,RB,290,1,0.31016042780748665,RB87,9,5.0,2.6,213,568,286.54,41.11
291,San Francisco 49ers,SF,DST,291,1,0.31122994652406416,DST17,9,8.0,17.1,199,360,258.96,29.39
292,Devin Singletary,NYG,RB,292,1,0.3122994652406417,RB88,9,8.0,0.9,218,390,286.63,27.3
293,Eli Stowers,PHI,TE,293,1,0.31336898395721924,TE35,9,10.0,13.2,189,376,274.04,38.4
294,Atlanta Falcons,ATL,DST,294,1,0.3144385026737968,DST18,9,11.0,10.1,186,355,269.17,40.03
295,Trey Benson,ARI,RB,295,1,0.3155080213903743,RB89,9,14.0,3.7,147,375,265.36,38.59
296,Hollywood Brown,PHI,WR,296,1,0.3165775401069519,WR102,9,10.0,2.9,215,385,285.74,24.56
297,Trevor Etienne,CAR,RB,297,1,0.3176470588235294,RB90,9,5.0,1.0,233,644,304.9,48.12
298,Cyrus Allen,KC,WR,298,1,0.31871657754010696,WR103,9,5.0,10.8,128,325,222.46,56.88
299,Tahj Brooks,CIN,RB,299,1,0.31978609625668447,RB91,10,6.0,0.8,245,659,305.49,50.53
300,New Orleans Saints,NO,DST,300,1,0.32085561497326204,DST19,10,8.0,17.4,170,355,262.17,35.72
301,Mack Hollins,NE,WR,301,1,0.32192513368983955,WR104,10,11.0,2.5,207,395,281.18,32.17
302,Kyle Williams,NE,WR,302,1,0.3229946524064171,WR105,10,11.0,2.5,198,515,272.49,43.73
303,Mike Gesicki,CIN,TE,303,1,0.3240641711229946,TE36,10,6.0,4.0,194,358,263.88,30.24
304,Kaleb Johnson,PIT,RB,304,1,0.3251336898395722,RB92,10,9.0,3.1,151,560,278.41,51.91
305,Isaac Guerendo,SF,RB,305,1,0.32620320855614976,RB93,10,8.0,1.1,221,641,300.74,53.81
306,Isaiah Bond,CLE,WR,306,1,0.32727272727272727,WR106,10,11.0,1.0,224,384,287.54,28.86
307,Jerome Ford,WAS,RB,307,1,0.32834224598930484,RB94,10,7.0,1.9,230,491,289.12,36.56
308,Jarquez Hunter,LAR,RB,308,1,0.32941176470588235,RB95,10,11.0,1.5,255,493,308.12,34.56
309,Audric Estime,NO,RB,309,1,0.3304812834224599,RB96,10,8.0,1.7,257,497,307.59,35.12
310,Jaleel McLaughlin,DEN,RB,310,1,0.3315508021390374,RB97,10,10.0,0.6,227,556,305.27,47.4
311,Skyler Bell,BUF,WR,311,1,0.332620320855615,WR107,10,7.0,6.8,209,512,291.35,42.73
312,Charlie Smyth,NO,K,312,1,0.3336898395721925,K18,10,8.0,2.3,196,490,287.48,46.13
313,Brandon Aiyuk,SF,WR,313,1,0.33475935828877007,WR108,10,8.0,11.5,147,522,269.84,56.65
314,Indianapolis Colts,IND,DST,314,1,0.3358288770053476,DST20,10,13.0,15.9,184,362,277.38,35.71
315,Will Shipley,PHI,RB,315,1,0.33689839572192515,RB98,10,10.0,0.8,244,563,322.0,47.56
316,Andrei Iosivas,CIN,WR,316,1,0.33796791443850266,WR109,10,6.0,2.1,187,330,272.51,33.81
317,Chicago Bears,CHI,DST,317,1,0.3390374331550802,DST21,10,10.0,13.1,168,379,271.26,51.19
318,Jake Tonges,SF,TE,318,1,0.34010695187165774,TE37,10,8.0,5.6,200,362,282.1,33.58
319,Tyreek Hill,FA,WR,319,1,0.3411764705882353,WR110,10,,15.1,164,385,269.1,43.31
320,Darnell Washington,PIT,TE,320,1,0.3422459893048128,TE38,10,9.0,6.9,204,385,286.94,38.37
321,Darren Waller,CAR,TE,321,1,0.3433155080213904,TE39,10,5.0,5.3,182,391,260.0,43.55
322,Oscar Delp,NO,TE,322,1,0.3443850267379679,TE40,10,8.0,4.4,226,382,293.13,41.51
323,Michael Mayer,LV,TE,323,1,0.34545454545454546,TE41,10,13.0,6.5,216,388,292.02,39.84
324,Jahan Dotson,ATL,WR,324,1,0.34652406417112297,WR111,10,11.0,2.6,140,529,275.82,67.36
325,DeMario Douglas,NE,WR,325,1,0.34759358288770054,WR112,10,11.0,3.2,177,395,282.34,54.71
326,Kareem Hunt,FA,RB,326,1,0.34866310160427805,RB99,10,,0.9,266,501,318.67,39.96
327,Elijah Arroyo,SEA,TE,327,1,0.3497326203208556,TE42,10,11.0,2.2,213,418,303.65,41.12
328,Carson Beck,ARI,QB,328,1,0.3508021390374332,QB36,10,14.0,7.2,202,701,324.24,69.08
329,Jalen Tolbert,MIA,WR,329,1,0.3518716577540107,WR113,10,6.0,3.9,188,532,292.58,63.48
330,Bryce Lance,NO,WR,330,1,0.35294117647058826,WR114,10,8.0,2.2,184,538,289.8,61.3
331,Joe Mixon,FA,RB,331,1,0.35401069518716577,RB100,10,,5.7,245,503,313.61,43.43
332,J.J. McCarthy,MIN,QB,332,1,0.35508021390374334,QB37,10,6.0,3.7,194,702,324.11,73.13
333,Erick All Jr.,CIN,TE,333,1,0.35614973262032085,TE43,10,6.0,0.6,233,463,310.17,49.06
334,Charlie Kolar,LAC,TE,334,1,0.3572192513368984,TE44,10,7.0,1.4,193,434,281.67,62.08
335,Xavier Hutchinson,HOU,WR,335,1,0.3582887700534759,WR115,11,8.0,2.9,182,398,272.97,52.55
336,Konata Mumpfield,LAR,WR,336,1,0.3593582887700535,WR116,11,11.0,0.6,244,543,313.48,53.77
337,Dallas Cowboys,DAL,DST,337,1,0.360427807486631,DST22,11,14.0,22.7,179,378,257.83,57.26
338,Eli Raridon,NE,TE,338,1,0.36149732620320857,TE45,11,11.0,3.6,211,410,317.53,50.87
339,Cedric Tillman,CLE,WR,339,1,0.3625668449197861,WR117,11,11.0,0.6,260,384,309.65,31.16
340,Cole Kmet,CHI,TE,340,1,0.36363636363636365,TE46,11,10.0,4.1,256,399,318.94,29.44
341,Dawson Knox,BUF,TE,341,1,0.36470588235294116,TE47,11,7.0,4.2,247,410,323.06,36.22
342,Tyler Higbee,LAR,TE,342,1,0.3657754010695187,TE48,11,11.0,1.7,258,431,322.27,36.63
343,Luke McCaffrey,WAS,WR,343,1,0.36684491978609624,WR118,11,7.0,0.8,271,555,323.63,51.61
344,Brenen Thompson,LAC,WR,344,1,0.3679144385026738,WR119,11,7.0,2.8,244,558,314.93,56.69
345,Calvin Austin III,NYG,WR,345,1,0.3689839572192513,WR120,11,8.0,1.5,234,546,315.17,55.65
346,Tez Johnson,TB,WR,346,1,0.3700534759358289,WR121,11,10.0,0.9,190,368,298.71,38.52
347,Mac Jones,SF,QB,347,1,0.3711229946524064,QB38,11,8.0,2.6,274,716,342.0,73.11
348,Noah Gray,KC,TE,348,1,0.37219251336898396,TE49,11,5.0,1.5,273,414,323.55,34.17
349,Jalen Royals,KC,WR,349,1,0.3732620320855615,WR122,11,5.0,0.6,235,520,319.21,51.29
350,Bam Knight,ARI,RB,350,1,0.37433155080213903,RB101,11,14.0,0.7,254,507,309.37,47.2
351,Max Klare,LAR,TE,351,1,0.3754010695187166,TE50,11,11.0,8.1,259,480,332.54,45.32
352,Olamide Zaccheaus,ATL,WR,352,1,0.3764705882352941,WR123,11,11.0,1.2,239,350,304.27,30.18
353,Kendrick Bourne,ARI,WR,353,1,0.3775401069518717,WR124,11,14.0,2.1,187,364,283.12,46.35
354,Joshua Palmer,BUF,WR,354,1,0.3786096256684492,WR125,11,7.0,0.7,244,345,294.56,32.75
355,Chris Brazzell II,CAR,WR,355,1,0.37967914438502676,WR126,11,5.0,5.5,226,561,295.8,66.52
356,Ja'Tavion Sanders,CAR,TE,356,1,0.38074866310160427,TE51,11,5.0,1.2,255,416,323.8,40.79
357,Justin Fields,KC,QB,357,1,0.38181818181818183,QB39,11,5.0,2.6,289,704,352.58,74.49
358,Treylon Burks,WAS,WR,358,1,0.38288770053475935,WR127,11,7.0,1.7,206,567,319.26,75.84
359,Jake Elliott,PHI,K,359,1,0.3839572192513369,K19,11,10.0,8.8,215,366,294.77,38.71
360,Ty Simpson,LAR,QB,360,1,0.3850267379679144,QB40,11,11.0,8.3,290,703,358.38,77.3
361,Eli Heidenreich,PIT,RB,361,1,0.386096256684492,RB102,11,9.0,1.3,220,550,328.23,73.39
362,Michael Carter,TEN,RB,362,1,0.3871657754010695,RB103,11,9.0,0.6,276,509,339.29,54.59
363,Jawhar Jordan,HOU,RB,363,1,0.38823529411764707,RB104,11,8.0,0.6,281,514,341.95,52.63
364,Justin Joly,DEN,TE,364,1,0.3893048128342246,TE52,11,10.0,5.0,260,414,327.75,39.6
365,Carolina Panthers,CAR,DST,365,1,0.39037433155080214,DST23,11,5.0,3.1,219,384,292.78,49.77
366,Tyler Bass,BUF,K,366,1,0.39144385026737966,K20,11,7.0,8.4,214,371,284.71,46.97
367,Savion Williams,GB,WR,367,1,0.3925133689839572,WR128,11,11.0,0.8,234,570,343.67,64.4
368,Kalif Raymond,CHI,WR,368,1,0.39358288770053473,WR129,11,10.0,0.6,224,579,315.59,76.3
369,Malik Benson,LV,WR,369,1,0.3946524064171123,WR130,11,13.0,1.3,226,576,322.47,77.11
370,Anthony Richardson Sr.,IND,QB,370,1,0.39572192513368987,QB41,11,13.0,8.5,292,748,363.28,97.52
371,Kevin Coleman Jr.,MIA,WR,371,1,0.3967914438502674,WR131,11,6.0,1.0,236,573,335.59,76.23
372,Dont'e Thornton Jr.,LV,WR,372,1,0.39786096256684494,WR132,11,13.0,0.7,275,585,339.53,73.1
373,New York Giants,NYG,DST,373,1,0.39893048128342246,DST24,11,8.0,17.9,171,355,267.0,52.2
374,KaVontae Turpin,DAL,WR,374,1,0.4,WR133,11,14.0,2.5,217,594,312.75,86.31
375,Roman Wilson,PIT,WR,375,1,0.40106951871657753,WR134,11,9.0,0.6,219,614,315.94,90.87
376,John Metchie III,CAR,WR,376,1,0.4021390374331551,WR135,11,5.0,1.3,247,400,322.25,42.97
377,Raheim Sanders,CLE,RB,377,1,0.4032085561497326,RB105,11,11.0,0.6,262,521,340.13,70.2
378,Noah Fant,NO,TE,378,1,0.4042780748663102,TE53,11,8.0,1.3,279,418,347.88,37.91
379,Roschon Johnson,CHI,RB,379,1,0.4053475935828877,RB106,11,10.0,0.6,269,646,351.38,95.77
380,Joe Flacco,CIN,QB,380,1,0.40641711229946526,QB42,11,6.0,1.5,292,707,360.38,92.52
381,Tampa Bay Buccaneers,TB,DST,381,1,0.40748663101604277,DST25,11,10.0,14.7,182,362,281.86,61.25
382,Tommy Tremble,CAR,TE,382,1,0.40855614973262033,TE54,11,5.0,0.6,266,422,341.0,45.4
383,Zavion Thomas,CHI,WR,383,1,0.40962566844919784,WR136,11,10.0,3.7,253,588,341.53,74.99
384,Colbie Young,CIN,WR,384,1,0.4106951871657754,WR137,11,6.0,0.9,233,602,347.33,78.45
385,Jaylin Lane,WAS,WR,385,1,0.4117647058823529,WR138,11,7.0,0.6,270,582,352.67,66.91
386,CJ Daniels,LAR,WR,386,1,0.4128342245989305,WR139,11,11.0,1.3,272,605,354.07,74.72
387,Luke Musgrave,GB,TE,387,1,0.413903743315508,TE55,11,11.0,3.0,285,432,354.53,43.81
388,Cincinnati Bengals,CIN,DST,388,1,0.41497326203208557,DST26,11,6.0,3.3,180,361,270.92,66.75
389,Phil Mafah,DAL,RB,389,1,0.4160427807486631,RB107,11,14.0,0.6,272,648,357.0,95.44
390,Trey Smack,GB,K,390,1,0.41711229946524064,K21,11,11.0,7.9,209,360,275.38,50.17
391,Jam Miller,NE,RB,391,1,0.41818181818181815,RB108,11,11.0,1.3,286,519,355.93,63.14
392,J'Mari Taylor,JAC,RB,392,1,0.4192513368983957,RB109,11,7.0,2.3,299,562,358.36,78.56
393,Tennessee Titans,TEN,DST,393,1,0.4203208556149733,DST27,11,9.0,8.6,163,365,269.5,76.15
394,Joe Milton III,DAL,QB,394,1,0.4213903743315508,QB43,11,14.0,1.0,293,736,374.21,106.81
395,Zane Gonzalez,FA,K,395,1,0.42245989304812837,K22,11,,1.9,207,362,296.25,50.94
396,Jordan Whittington,LAR,WR,396,1,0.4235294117647059,WR140,11,11.0,0.6,261,599,348.92,81.49
397,Ben Sinnott,WAS,TE,397,1,0.42459893048128344,TE56,11,7.0,0.6,308,472,367.23,42.35
398,Devontez Walker,BAL,WR,398,1,0.42566844919786095,WR141,11,13.0,0.6,266,623,342.17,91.03
399,Nick Westbrook-Ikhine,IND,WR,399,1,0.4267379679144385,WR142,11,13.0,0.6,220,611,346.33,93.55
400,Demarcus Robinson,SF,WR,400,1,0.42780748663101603,WR143,11,8.0,0.8,243,608,351.25,90.76
401,Austin Hooper,ATL,TE,401,1,0.4288770053475936,TE57,11,11.0,0.9,281,460,354.83,50.19
402,Mitchell Evans,CAR,TE,402,1,0.4299465240641711,TE58,11,5.0,0.6,335,435,371.58,29.93
403,Miami Dolphins,MIA,DST,403,1,0.4310160427807487,DST28,11,6.0,6.6,166,372,290.3,75.1
404,Rasheen Ali,BAL,RB,404,1,0.4320855614973262,RB110,11,13.0,0.6,299,649,380.18,105.33
405,Daniel Bellinger,TEN,TE,405,1,0.43315508021390375,TE59,11,9.0,1.5,351,428,381.73,21.6
406,Marcus Mariota,WAS,QB,406,1,0.43422459893048126,QB44,11,7.0,1.4,300,711,383.55,108.58
407,Barion Brown,NO,WR,407,1,0.43529411764705883,WR144,11,8.0,1.7,230,617,338.0,108.21
408,Nick Folk,ATL,K,408,1,0.43636363636363634,K23,11,11.0,3.2,186,356,277.67,60.42
409,John Bates,WAS,TE,409,1,0.4374331550802139,TE60,11,7.0,0.7,265,476,353.6,63.93
410,Ashton Dulin,IND,WR,410,1,0.4385026737967914,WR145,11,13.0,0.7,262,620,364.5,97.23
411,Cade Klubnik,NYJ,QB,411,1,0.439572192513369,QB45,11,13.0,4.6,296,709,370.2,116.37
412,Kyle Juszczyk,SF,RB,412,1,0.4406417112299465,RB111,11,8.0,0.9,259,674,381.5,123.25
413,Jameis Winston,NYG,QB,413,1,0.44171122994652406,QB46,11,8.0,1.8,294,713,385.0,113.32
414,Sione Vaki,DET,RB,414,1,0.44278074866310163,RB112,11,6.0,0.6,307,666,401.5,110.05
415,Damien Martinez,GB,RB,415,1,0.44385026737967914,RB113,11,11.0,1.3,332,570,402.8,78.06
416,Tutu Atwell,MIA,WR,416,1,0.4449197860962567,WR146,11,6.0,0.7,240,591,349.78,96.06
417,Deion Burks,IND,WR,417,1,0.4459893048128342,WR147,12,13.0,2.0,273,629,370.67,101.38
418,Austin Ekeler,FA,RB,418,1,0.4470588235294118,RB114,12,,0.6,305,534,371.0,62.35
419,Greg Dortch,DET,WR,419,1,0.4481283422459893,WR148,12,6.0,0.6,290,632,374.67,94.67
420,Dyami Brown,WAS,WR,420,1,0.44919786096256686,WR149,12,7.0,0.7,265,626,373.25,106.22
421,Elijah Higgins,ARI,TE,421,1,0.4502673796791444,TE61,12,14.0,0.6,352,466,385.0,41.24
422,Blake Grupe,IND,K,422,1,0.45133689839572194,K24,12,13.0,1.1,222,440,311.43,71.44
423,Tim Patrick,NYJ,WR,423,1,0.45240641711229945,WR150,12,13.0,1.0,315,650,404.88,97.82
424,Dameon Pierce,PHI,RB,424,1,0.453475935828877,RB115,12,10.0,0.8,308,660,412.38,115.06
425,Las Vegas Raiders,LV,DST,425,1,0.45454545454545453,DST29,12,13.0,7.0,169,369,279.0,87.26
426,Daniel Carlson,NO,K,426,1,0.4556149732620321,K25,12,8.0,0.8,209,364,284.83,58.31
427,Terrell Jennings,FA,RB,427,1,0.4566844919786096,RB116,12,,1.0,311,564,383.14,78.09
428,Josh Oliver,MIN,TE,428,1,0.4577540106951872,TE62,12,6.0,0.6,352,442,388.57,32.7
429,Will Kacmarek,MIA,TE,429,1,0.4588235294117647,TE63,12,6.0,2.7,319,471,392.0,53.38
430,Marlin Klein,HOU,TE,430,1,0.45989304812834225,TE64,12,8.0,0.6,351,474,401.57,40.96
431,Tai Felton,MIN,WR,431,1,0.46096256684491976,WR151,12,6.0,0.6,308,635,402.14,105.21
432,Tyler Goodson,ATL,RB,432,1,0.46203208556149733,RB117,12,11.0,0.7,300,652,414.29,123.54
433,Robert Henry Jr.,WAS,RB,433,1,0.46310160427807484,RB118,12,7.0,0.0,284,672,418.57,128.36
434,Zavier Scott,MIN,RB,434,1,0.4641711229946524,RB119,12,6.0,0.6,320,572,419.29,91.57
435,Tommy Myers,FA,TE,435,1,0.46524064171123,TE65,12,,0.0,250,453,345.5,75.88
436,Chad Ryland,ARI,K,436,1,0.4663101604278075,K26,12,14.0,1.2,191,357,257.6,79.94
437,Joey Slye,TEN,K,437,1,0.46737967914438505,K27,12,9.0,1.0,190,354,260.8,75.5
438,Ryan Fitzgerald,CAR,K,438,1,0.46844919786096256,K28,12,5.0,1.1,204,358,279.2,67.72
439,Brandon McManus,FA,K,439,1,0.46951871657754013,K29,12,,0.6,191,374,285.8,77.72
440,Washington Commanders,WAS,DST,440,1,0.47058823529411764,DST30,12,7.0,6.3,183,365,289.6,84.37
441,Jake Moody,FA,K,441,1,0.4716577540106952,K30,12,,1.4,217,370,292.6,60.7
442,New York Jets,NYJ,DST,442,1,0.4727272727272727,DST31,12,13.0,4.9,184,371,297.0,85.55
443,Arizona Cardinals,ARI,DST,443,1,0.4737967914438503,DST32,12,14.0,3.4,180,373,298.0,86.62
444,Tanner Koziol,JAC,TE,444,1,0.4748663101604278,TE66,12,7.0,1.4,348,464,403.0,39.77
445,Jackson Hawes,BUF,TE,445,1,0.47593582887700536,TE67,12,7.0,0.6,359,462,408.0,36.41
446,Adam Trautman,DEN,TE,446,1,0.4770053475935829,TE68,12,10.0,0.6,375,464,408.17,31.84
447,Luke Schoonmaker,DAL,TE,447,1,0.47807486631016044,TE69,12,14.0,0.9,371,468,412.17,36.47
448,Jahdae Walker,CHI,WR,448,1,0.47914438502673795,WR152,12,10.0,0.9,322,638,413.17,105.23
449,Ben Sauls,NYG,K,449,1,0.4802139037433155,K31,12,8.0,0.7,220,439,325.8,79.45
450,Riley Leonard,IND,QB,450,1,0.48128342245989303,QB47,12,13.0,0.9,329,721,425.67,134.81
451,Odell Beckham Jr.,NYG,WR,451,1,0.4823529411764706,WR153,12,8.0,3.8,273,398,334.2,41.11
452,Spencer Shrader,IND,K,452,1,0.4834224598930481,K32,12,13.0,1.2,206,492,335.6,100.15
453,Jimmy Horn Jr.,CAR,WR,453,1,0.4844919786096257,WR154,12,5.0,0.8,332,684,432.17,118.74
454,Ronnie Rivers,LAR,RB,454,1,0.4855614973262032,RB120,12,11.0,0.6,328,640,434.33,119.16
455,Lil'Jordan Humphrey,DEN,WR,455,1,0.48663101604278075,WR155,12,10.0,1.1,358,664,434.83,104.69
456,Marquez Valdes-Scantling,DAL,WR,456,1,0.48770053475935826,WR156,12,14.0,0.7,272,424,341.8,51.11
457,Hunter Luepke,DAL,RB,457,1,0.48877005347593583,RB121,12,14.0,0.7,303,673,441.0,139.2
458,Dylan Laube,LV,RB,458,1,0.4898395721925134,RB122,12,13.0,0.8,309,692,443.5,136.12
459,Zach Ertz,FA,TE,459,1,0.4909090909090909,TE70,12,,0.6,321,393,363.0,23.86
460,Khalil Herbert,SF,RB,460,1,0.4919786096256685,RB123,12,8.0,1.2,213,542,366.2,108.01
461,Jonnu Smith,FA,TE,461,1,0.493048128342246,TE71,12,,3.1,329,414,371.4,29.85
462,Xavier Restrepo,TEN,WR,462,1,0.49411764705882355,WR157,12,9.0,1.1,339,426,393.8,31.97
463,Matt Hibner,BAL,TE,463,1,0.49518716577540106,TE72,12,13.0,1.2,356,477,411.0,42.5
464,Mitch Tinsley,CIN,WR,464,1,0.49625668449197863,WR158,12,6.0,0.6,286,653,414.0,129.36
465,Elijah Moore,PHI,WR,465,1,0.49732620320855614,WR159,12,10.0,0.6,306,661,414.4,138.58
466,Foster Moreau,HOU,TE,466,1,0.4983957219251337,TE73,12,8.0,1.2,282,497,415.0,74.18
467,Xavier Smith,LAR,WR,467,1,0.4994652406417112,WR160,12,11.0,0.6,292,678,420.2,140.89
468,Mo Alie-Cox,IND,TE,468,1,0.5005347593582887,TE74,12,13.0,0.6,311,478,420.4,64.29
469,Tyler Conklin,DET,TE,469,1,0.5016042780748663,TE75,12,6.0,0.6,366,504,424.6,53.2
470,Van Jefferson,WAS,WR,470,1,0.5026737967914439,WR161,12,7.0,0.8,303,647,426.0,122.37
471,Jason Sanders,NYJ,K,471,1,0.5037433155080214,K33,12,13.0,0.9,261,368,307.0,44.89
472,Jacob Cowing,SF,WR,472,1,0.5048128342245989,WR162,12,8.0,0.6,327,641,428.8,110.43
473,Sam Roush,CHI,TE,473,1,0.5058823529411764,TE76,12,10.0,0.7,334,545,429.0,71.93
474,Drew Sample,CIN,TE,474,1,0.506951871657754,TE77,12,6.0,0.6,331,542,430.4,76.09
475,Nate Boerkircher,JAC,TE,475,1,0.5080213903743316,TE78,12,7.0,0.9,387,465,430.4,34.29
476,Reggie Virgil,ARI,WR,476,1,0.509090909090909,WR163,12,14.0,0.7,306,667,434.4,130.4
477,Cade Stover,HOU,TE,477,1,0.5101604278074866,TE79,12,8.0,0.6,346,539,437.4,75.29
478,Jeremy Ruckert,NYJ,TE,478,1,0.5112299465240642,TE80,12,13.0,0.6,378,511,438.4,52.41
479,Isaiah Williams,FA,WR,479,1,0.5122994652406417,WR164,12,,0.0,334,672,441.2,120.97
480,Jeremy McNichols,WAS,RB,480,1,0.5133689839572193,RB124,12,7.0,0.6,328,578,441.4,106.54
481,Josh Cuevas,BAL,TE,481,1,0.5144385026737968,TE81,12,13.0,1.1,369,508,441.6,49.57
482,Durham Smythe,BAL,TE,482,1,0.5155080213903743,TE82,12,13.0,0.6,383,536,442.4,56.52
483,Roman Hemby,LV,RB,483,1,0.5165775401069519,RB125,12,13.0,0.0,261,677,442.6,160.83
484,Tyrod Taylor,GB,QB,484,1,0.5176470588235295,QB48,12,11.0,0.6,328,717,444.2,140.44
485,Cedrick Wilson Jr.,DET,WR,485,1,0.5187165775401069,WR165,12,6.0,1.1,286,709,444.4,144.43
486,Jelani Woods,NYJ,TE,486,1,0.5197860962566845,TE83,12,13.0,3.9,335,582,446.4,90.87
487,Tanner Hudson,CIN,TE,487,1,0.520855614973262,TE84,12,6.0,2.3,380,546,452.4,62.92
488,KeAndre Lambert-Smith,LAC,WR,488,1,0.5219251336898396,WR166,12,7.0,0.7,343,658,453.0,108.68
489,Jacob Saylors,DET,RB,489,1,0.5229946524064171,RB126,12,6.0,0.1,274,662,454.2,144.72
490,Brock Wright,DET,TE,490,1,0.5240641711229946,TE85,12,6.0,0.7,362,546,454.2,66.59
491,Gardner Minshew II,ARI,QB,491,1,0.5251336898395722,QB49,12,14.0,0.7,338,744,455.8,146.21
492,Ty Chandler,NO,RB,492,1,0.5262032085561498,RB127,12,8.0,1.3,310,680,457.6,145.92
493,Quinn Ewers,MIA,QB,493,1,0.5272727272727272,QB50,12,6.0,1.1,367,719,457.8,131.91
494,DeAndre Hopkins,BAL,WR,494,1,0.5283422459893048,WR167,12,13.0,0.6,276,455,345.75,72.94
495,Nate Adkins,DEN,TE,495,1,0.5294117647058824,TE86,12,10.0,1.0,356,600,460.2,83.52
496,Theo Wease Jr.,MIA,WR,496,1,0.5304812834224599,WR168,12,6.0,1.0,225,454,348.25,84.71
497,Tyler Lockett,LV,WR,497,1,0.5315508021390374,WR169,12,13.0,0.6,270,456,350.25,74.62
498,Justin Watson,HOU,WR,498,1,0.532620320855615,WR170,12,8.0,1.0,347,725,465.6,142.6
499,Frank Gore Jr.,BUF,RB,499,1,0.5336898395721925,RB128,12,7.0,0.6,365,596,465.8,97.61
500,Alec Ingold,LAC,RB,500,1,0.5347593582887701,RB129,12,7.0,0.6,277,698,471.4,163.47
501,Efton Chism III,NE,WR,501,1,0.5358288770053476,WR171,12,11.0,0.6,380,706,471.4,124.97
502,David Sills V,TB,WR,502,1,0.5368983957219251,WR172,12,10.0,0.0,279,458,363.25,64.38
503,Drew Stevens,WAS,K,503,1,0.5379679144385027,K34,12,7.0,0.4,249,491,364.0,86.61
504,Brycen Tremayne,CAR,WR,504,1,0.5390374331550802,WR173,12,5.0,0.0,372,695,474.2,118.9
505,Travis Homer,PIT,RB,505,1,0.5401069518716578,RB130,12,9.0,1.0,321,686,476.4,142.29
506,Jalen Brooks,ARI,WR,506,1,0.5411764705882353,WR174,12,14.0,1.0,368,703,478.6,119.94
507,Reggie Gilliam,NE,RB,507,1,0.5422459893048128,RB131,12,11.0,0.1,345,675,480.6,119.72
508,Max Bredeson,MIN,RB,508,1,0.5433155080213904,RB132,12,6.0,0.1,310,690,481.0,153.0
509,Patrick Ricard,NYG,RB,509,1,0.544385026737968,RB133,12,8.0,0.8,291,691,483.4,150.51
510,Jaret Patterson,LAC,RB,510,1,0.5454545454545454,RB134,12,7.0,1.1,363,645,484.6,114.04
511,Adam Prentice,DEN,RB,511,1,0.546524064171123,RB135,12,10.0,0.6,312,694,486.6,152.49
512,British Brooks,HOU,RB,512,1,0.5475935828877005,RB136,12,8.0,0.0,328,678,496.2,137.62
513,Chris Blair,ATL,WR,513,1,0.5486631016042781,WR175,12,11.0,0.0,275,528,406.25,95.3
514,Antonio Gibson,FA,RB,514,1,0.5497326203208556,RB137,12,,1.3,304,560,407.5,95.17
515,Jake Browning,TB,QB,515,1,0.5508021390374331,QB51,12,10.0,0.6,227,734,424.0,193.23
516,Lan Larison,NE,RB,516,1,0.5518716577540107,RB138,12,11.0,1.0,321,708,523.0,166.2
517,Michael Trigg,DAL,TE,517,1,0.5529411764705883,TE87,12,14.0,5.2,377,465,441.25,37.14
518,Kalel Mullings,TEN,RB,518,1,0.5540106951871657,RB139,12,9.0,1.0,293,625,442.0,124.6
519,Michael Burton,CLE,RB,519,1,0.5550802139037433,RB140,12,11.0,0.6,330,601,444.0,109.81
520,Josh Williams,TB,RB,520,1,0.5561497326203209,RB141,12,10.0,0.1,262,697,537.6,183.24
521,Jack Endries,CIN,TE,521,1,0.5572192513368984,TE88,13,6.0,2.4,396,501,458.5,38.45
522,Jalen Milroe,SEA,QB,522,1,0.558288770053476,QB52,13,11.0,1.2,298,710,461.5,151.84
523,Nathan Carter,ATL,RB,523,1,0.5593582887700534,RB142,13,11.0,1.0,336,657,463.25,124.71
524,Davis Mills,HOU,QB,524,1,0.560427807486631,QB53,13,8.0,0.6,300,731,466.75,159.99
525,Scotty Miller,CHI,WR,525,1,0.5614973262032086,WR176,13,10.0,0.1,329,675,470.5,126.32
526,Donovan Edwards,MIA,RB,526,1,0.5625668449197861,RB143,13,6.0,1.0,331,584,478.0,101.86
527,Khalil Dinkins,SF,TE,527,1,0.5636363636363636,TE89,13,8.0,0.0,386,537,479.5,58.17
528,Moliki Matavao,NO,TE,528,1,0.5647058823529412,TE90,13,8.0,1.0,362,604,480.0,85.97
529,Kene Nwangwu,NYJ,RB,529,1,0.5657754010695187,RB144,13,13.0,0.2,364,719,566.8,163.49
530,Davis Allen,LAR,TE,530,1,0.5668449197860963,TE91,13,11.0,1.0,395,549,480.75,55.64
531,Trey Lance,LAC,QB,531,1,0.5679144385026738,QB54,13,7.0,0.6,382,727,486.0,139.99
532,Derius Davis,LAC,WR,532,1,0.5689839572192513,WR177,13,7.0,1.0,339,689,488.75,126.71
533,Myles Price,MIN,WR,533,1,0.5700534759358289,WR178,13,6.0,0.6,362,722,490.0,145.2
534,Jake Bobo,SEA,WR,534,1,0.5711229946524065,WR179,13,11.0,0.6,344,681,491.75,122.23
535,Tyson Bagent,CHI,QB,535,1,0.5721925133689839,QB55,13,10.0,0.7,390,754,492.5,151.28
536,Noah Whittington,HOU,RB,536,1,0.5732620320855615,RB145,13,8.0,0.0,357,642,493.0,111.68
537,Luke Farrell,SF,TE,537,1,0.574331550802139,TE92,13,8.0,0.6,407,556,493.75,54.16
538,Payne Durham,TB,TE,538,1,0.5754010695187166,TE93,13,10.0,1.1,394,553,495.5,61.35
539,Lew Nichols III,PIT,RB,539,1,0.5764705882352941,RB146,13,9.0,2.0,325,631,496.75,112.63
540,Velus Jones Jr.,SEA,WR,540,1,0.5775401069518716,WR180,13,11.0,1.6,320,783,497.0,178.28
541,Will Levis,TEN,QB,541,1,0.5786096256684492,QB56,13,9.0,0.6,397,725,497.25,133.12
542,Jalen Reagor,MIA,WR,542,1,0.5796791443850268,WR181,13,6.0,0.0,271,426,359.33,65.11
543,Ben Sims,MIA,TE,543,1,0.5807486631016042,TE94,13,6.0,0.0,403,555,498.5,58.02
544,Josh Cameron,JAC,WR,544,1,0.5818181818181818,WR182,13,7.0,0.7,313,700,499.75,148.76
545,Michael Woods II,DEN,WR,545,1,0.5828877005347594,WR183,13,10.0,1.0,254,459,364.33,84.42
546,Blake Whiteheart,CLE,TE,546,1,0.5839572192513369,TE95,13,11.0,0.0,406,565,503.5,59.79
547,Josh Whyle,GB,TE,547,1,0.5850267379679145,TE96,13,11.0,0.6,394,591,506.75,73.99
548,Brevyn Spann-Ford,DAL,TE,548,1,0.586096256684492,TE97,13,14.0,0.1,408,573,511.25,64.59
549,Kevin Austin Jr.,NO,WR,549,1,0.5871657754010695,WR184,13,8.0,1.0,263,519,379.0,105.88
550,Jaydn Ott,KC,RB,550,1,0.5882352941176471,RB147,13,5.0,1.0,357,682,512.25,123.71
551,Julian Hill,NE,TE,551,1,0.5893048128342246,TE98,13,11.0,1.0,368,663,512.75,107.56
552,Jared Wayne,HOU,WR,552,1,0.5903743315508021,WR185,13,8.0,0.0,237,512,380.0,112.54
553,Cash Jones,ATL,RB,553,1,0.5914438502673797,RB148,13,11.0,0.0,359,663,515.75,110.16
554,Jeshaun Jones,MIN,WR,554,1,0.5925133689839572,WR186,13,6.0,0.0,234,529,389.0,120.9
555,Casey Washington,CAR,WR,555,1,0.5935828877005348,WR187,13,5.0,0.0,248,518,389.0,110.55
556,Isaiah Hodgins,NYG,WR,556,1,0.5946524064171123,WR188,13,8.0,0.0,392,757,520.5,143.23
557,Tyler Badie,DEN,RB,557,1,0.5957219251336898,RB149,13,10.0,1.0,247,653,521.25,160.3
558,Miles Davis,CAR,RB,558,1,0.5967914438502674,RB150,13,5.0,0.0,357,654,524.75,118.27
559,Sincere McCormick,SF,RB,559,1,0.597860962566845,RB151,13,8.0,1.0,364,671,525.75,111.95
560,Quentin Skinner,BUF,WR,560,1,0.5989304812834224,WR189,13,7.0,0.0,249,524,398.0,113.44
561,Mason Tipton,NO,WR,561,1,0.6,WR190,13,8.0,1.3,329,734,526.5,159.0
562,Michael Bandy,DEN,WR,562,1,0.6010695187165775,WR191,13,10.0,1.0,388,717,528.0,139.22
563,Tyrell Shavers,BUF,WR,563,1,0.6021390374331551,WR192,13,7.0,0.6,337,786,532.75,189.28
564,Jordan Watkins,SF,WR,564,1,0.6032085561497326,WR193,13,8.0,1.0,267,523,409.0,106.37
565,Kaden Wetjen,PIT,WR,565,1,0.6042780748663101,WR194,13,9.0,0.8,325,800,535.5,188.69
566,Mecole Hardman Jr.,BUF,WR,566,1,0.6053475935828877,WR195,13,7.0,0.6,385,745,537.0,130.35
567,Ahmani Marshall,CLE,RB,567,1,0.6064171122994653,RB152,13,11.0,0.0,328,681,538.0,138.76
568,Kameron Johnson,TB,WR,568,1,0.6074866310160428,WR196,13,10.0,0.0,335,751,539.25,167.25
569,Darius Cooper,PHI,WR,569,1,0.6085561497326203,WR197,13,10.0,0.6,357,741,540.25,155.16
570,Isaiah Williams,NYJ,WR,570,1,0.6096256684491979,WR198,13,13.0,0.6,287,644,421.33,158.57
571,Arian Smith,NYJ,WR,571,1,0.6106951871657754,WR199,13,13.0,0.7,336,749,544.5,161.19
572,Coleman Owen,IND,WR,572,1,0.611764705882353,WR200,13,13.0,0.0,229,522,422.67,136.96
573,Skyy Moore,GB,WR,573,1,0.6128342245989304,WR201,13,11.0,0.8,388,737,545.75,138.58
574,Jonathan Mingo,DAL,WR,574,1,0.613903743315508,WR202,13,14.0,0.6,343,743,546.75,152.49
575,Ben Skowronek,PIT,WR,575,1,0.6149732620320856,WR203,13,9.0,0.1,326,796,548.0,190.01
576,Bo Melton,GB,WR,576,1,0.6160427807486631,WR204,13,11.0,0.6,328,801,550.5,199.47
577,Maurice Alexander,CHI,WR,577,1,0.6171122994652406,WR205,13,10.0,1.2,247,525,430.67,129.89
578,Miles Sanders,FA,RB,578,1,0.6181818181818182,RB153,13,,1.0,281,581,431.67,122.48
579,Anthony Gould,IND,WR,579,1,0.6192513368983957,WR206,13,13.0,1.0,324,755,553.0,157.09
580,David Moore,CAR,WR,580,1,0.6203208556149733,WR207,13,5.0,0.8,340,787,553.25,180.68
581,Nikko Remigio,KC,WR,581,1,0.6213903743315508,WR208,13,5.0,0.6,381,747,554.75,151.08
582,Anderson Castle,IND,RB,582,1,0.6224598930481283,RB154,13,13.0,0.0,382,671,555.75,121.75
583,Malachi Corley,CLE,WR,583,1,0.6235294117647059,WR209,13,11.0,0.6,400,759,556.25,156.81
584,Cody White,SEA,WR,584,1,0.6245989304812835,WR210,13,11.0,0.0,372,804,559.0,179.18
585,Miles Kitselman,FA,TE,585,1,0.6256684491978609,TE99,13,,0.0,360,513,448.0,64.54
586,Eric Gray,NYG,RB,586,1,0.6267379679144385,RB155,13,8.0,1.0,393,679,564.25,120.8
587,Dareke Young,LV,WR,587,1,0.627807486631016,WR211,13,13.0,1.0,390,770,567.25,161.13
588,Will Dissly,FA,TE,588,1,0.6288770053475936,TE100,13,,1.0,391,494,452.67,44.44
589,Gage Larvadain,CLE,WR,589,1,0.6299465240641712,WR212,13,11.0,0.0,377,772,568.0,163.72
590,Devin Duvernay,ARI,WR,590,1,0.6310160427807486,WR213,13,14.0,1.0,373,790,571.25,168.68
591,Drake Dabney,GB,TE,591,1,0.6320855614973262,TE101,13,11.0,0.0,238,613,462.67,161.86
592,Britain Covey,PHI,WR,592,1,0.6331550802139038,WR214,13,10.0,1.0,380,793,576.5,177.29
593,Myles Montgomery,FA,RB,593,1,0.6342245989304813,RB156,13,,0.0,342,610,465.33,110.45
594,Alexander Mattison,FA,RB,594,1,0.6352941176470588,RB157,13,,1.0,278,649,471.67,151.9
595,Jaheim Bell,PIT,TE,595,1,0.6363636363636364,TE102,13,9.0,1.0,251,635,472.67,162.28
596,DeeJay Dallas,JAC,RB,596,1,0.6374331550802139,RB158,13,7.0,0.1,366,669,585.25,126.75
597,Raheem Mostert,LV,RB,597,1,0.6385026737967915,RB159,13,13.0,1.1,313,637,477.33,132.31
598,Pierre Strong Jr.,GB,RB,598,1,0.6395721925133689,RB160,13,11.0,1.1,357,699,587.75,135.58
599,Spencer Rattler,NO,QB,599,1,0.6406417112299465,QB57,13,8.0,0.6,299,726,480.0,180.28
600,Ulysses Bentley IV,IND,RB,600,1,0.6417112299465241,RB161,13,13.0,0.1,313,634,480.67,131.44
601,Ke'Shawn Williams,CIN,WR,601,1,0.6427807486631016,WR215,13,6.0,0.0,371,764,592.25,157.86
602,Drew Allar,PIT,QB,602,1,0.6438502673796791,QB58,13,9.0,1.7,327,714,486.67,165.08
603,Charlie Jones,CIN,WR,603,1,0.6449197860962567,WR216,13,6.0,0.7,359,788,594.25,167.46
604,Mason Kinsey,TEN,WR,604,1,0.6459893048128342,WR217,13,9.0,0.0,412,803,595.25,170.88
605,Elijah Tau-Tolliver,BAL,RB,605,1,0.6470588235294118,RB162,13,13.0,0.0,369,628,490.33,106.37
606,Elijah Mitchell,FA,RB,606,1,0.6481283422459893,RB163,13,,1.2,393,619,493.33,93.99
607,Dohnte Meyers,CIN,WR,607,1,0.6491978609625668,WR218,13,6.0,0.0,263,728,493.67,189.85
608,Andre Szmyt,CLE,K,608,1,0.6502673796791444,K35,13,11.0,0.8,217,372,294.5,77.5
609,Cam Akers,FA,RB,609,1,0.651336898395722,RB164,13,,1.0,369,646,504.67,113.16
610,Taylen Green,CLE,QB,610,1,0.6524064171122995,QB59,13,11.0,1.7,371,724,505.33,155.96
611,Seydou Traore,MIA,TE,611,1,0.653475935828877,TE103,13,6.0,0.0,484,541,510.33,23.47
612,Joe Royer,CLE,TE,612,1,0.6545454545454545,TE104,13,11.0,1.1,482,543,510.67,25.04
613,Brandin Cooks,FA,WR,613,1,0.6556149732620321,WR219,13,,1.1,276,768,512.67,201.29
614,Noah Brown,FA,WR,614,1,0.6566844919786097,WR220,13,,1.3,394,692,513.0,128.84
615,Bauer Sharp,TB,TE,615,1,0.6577540106951871,TE105,13,10.0,0.0,472,542,515.67,31.09
616,JaMycal Hasty,NE,RB,616,1,0.6588235294117647,RB165,13,11.0,1.1,342,680,517.33,138.28
617,Mason Rudolph,PIT,QB,617,1,0.6598930481283423,QB60,13,9.0,0.7,387,730,518.67,150.94
618,Tyler Huntley,BAL,QB,618,1,0.6609625668449198,QB61,13,13.0,1.2,414,720,519.0,142.18
619,Dominic Zvada,NYG,K,619,1,0.6620320855614973,K36,13,8.0,1.3,273,386,329.5,56.5
620,Craig Reynolds,WAS,RB,620,1,0.6631016042780749,RB166,13,7.0,1.1,369,674,523.67,124.55
621,Kenny McIntosh,FA,RB,621,1,0.6641711229946524,RB167,13,,1.0,425,640,524.67,88.47
622,Jermar Jefferson,MIN,RB,622,1,0.66524064171123,RB168,13,6.0,0.6,396,655,525.33,105.74
623,Stone Smartt,PHI,TE,623,1,0.6663101604278074,TE106,13,10.0,1.0,498,560,528.33,25.33
624,Tanner McKee,PHI,QB,624,1,0.667379679144385,QB62,13,10.0,1.3,416,735,530.67,144.85
625,Jack Stoll,CLE,TE,625,1,0.6684491978609626,TE107,13,11.0,0.0,520,551,535.0,12.68
626,Eric Saubert,SEA,TE,626,1,0.6695187165775401,TE108,13,11.0,0.9,523,554,535.67,13.27
627,Grant Calcaterra,PHI,TE,627,1,0.6705882352941176,TE109,13,10.0,1.2,500,559,536.0,25.78
628,Andy Dalton,PHI,QB,628,1,0.6716577540106952,QB63,14,10.0,0.6,420,729,538.67,135.95
629,Jared Wiley,KC,TE,629,1,0.6727272727272727,TE110,14,5.0,1.0,483,588,539.33,43.21
630,Tip Reiman,ARI,TE,630,1,0.6737967914438503,TE111,14,14.0,0.0,530,557,539.33,12.5
631,Drew Ogletree,IND,TE,631,1,0.6748663101604279,TE112,14,13.0,1.0,525,562,541.67,15.33
632,Diontae Johnson,FA,WR,632,1,0.6759358288770053,WR221,14,,1.0,349,777,544.33,176.71
633,Curtis Samuel,FA,WR,633,1,0.6770053475935829,WR222,14,,2.0,392,731,546.0,140.12
634,Brevin Jordan,HOU,TE,634,1,0.6780748663101605,TE113,14,8.0,1.0,481,589,546.67,47.08
635,Vinny Anthony II,ATL,WR,635,1,0.679144385026738,WR223,14,11.0,0.0,349,766,547.0,170.89
636,Charlie Woerner,ATL,TE,636,1,0.6802139037433155,TE114,14,11.0,0.0,505,574,547.67,30.44
637,Jake Briningstool,KC,TE,637,1,0.681283422459893,TE115,14,5.0,0.0,540,567,550.33,11.9
638,Teagan Quitoriano,ARI,TE,638,1,0.6823529411764706,TE116,14,14.0,0.0,535,571,551.33,14.88
639,Tahj Washington,FA,WR,639,1,0.6834224598930482,WR224,14,,1.0,233,514,373.5,140.5
640,Ian Thomas,LV,TE,640,1,0.6844919786096256,TE117,14,13.0,0.0,516,597,553.67,33.31
641,JuJu Smith-Schuster,FA,WR,641,1,0.6855614973262032,WR225,14,,1.1,378,781,554.0,168.43
642,J. Michael Sturdivant,GB,WR,642,1,0.6866310160427808,WR226,14,11.0,0.0,388,753,554.33,150.75
643,Montorie Foster Jr.,SEA,WR,643,1,0.6877005347593583,WR227,14,11.0,0.0,374,785,558.33,170.44
644,Kylen Granson,TEN,TE,644,1,0.6887700534759358,TE118,14,9.0,1.2,533,581,559.0,19.8
645,Joel Wilson,TEN,TE,645,1,0.6898395721925134,TE119,14,9.0,0.0,475,627,560.0,63.35
646,Bub Means,NO,WR,646,1,0.6909090909090909,WR228,14,8.0,0.6,244,531,387.5,143.5
647,Kendric Pryor,CIN,WR,647,1,0.6919786096256685,WR229,14,6.0,1.0,240,545,392.5,152.5
648,Gavin Bartholomew,MIN,TE,648,1,0.6930481283422459,TE120,14,6.0,0.0,529,592,565.67,26.74
649,Ben Yurosek,MIN,TE,649,1,0.6941176470588235,TE121,14,6.0,0.0,551,580,565.67,11.84
650,Michael Briscoe,MIN,WR,650,1,0.6951871657754011,WR230,14,6.0,0.0,389,789,566.33,166.42
651,Ty Pezza,BAL,TE,651,1,0.6962566844919786,TE122,14,13.0,0.0,510,603,567.67,41.12
652,Kendrick Law,DET,WR,652,1,0.6973262032085561,WR231,14,6.0,1.5,326,792,568.67,190.73
653,Will Mallory,IND,TE,653,1,0.6983957219251337,TE123,14,13.0,1.0,563,576,569.0,5.35
654,K.J. Osborn,TEN,WR,654,1,0.6994652406417112,WR232,14,9.0,2.6,264,540,402.0,138.0
655,Lucas Krull,DEN,TE,655,1,0.7005347593582888,TE124,14,10.0,1.8,539,603,572.0,26.17
656,Joshua Cephus,FA,WR,656,1,0.7016042780748664,WR233,14,,0.0,390,794,572.67,167.18
657,Cooper Rush,ATL,QB,657,1,0.7026737967914438,QB64,14,11.0,1.2,358,449,403.5,45.5
658,Dominic Lovett,DET,WR,658,1,0.7037433155080214,WR234,14,6.0,1.0,265,544,404.5,139.5
659,Deontay Burnett,FA,WR,659,1,0.704812834224599,WR235,14,,0.0,391,795,573.67,167.18
660,Tanner Conner,NYG,TE,660,1,0.7058823529411765,TE125,14,8.0,1.2,541,602,574.67,25.3
661,Ricky White III,SEA,WR,661,1,0.706951871657754,WR236,14,11.0,1.0,428,761,575.0,138.72
662,Jermaine Burton,FA,WR,662,1,0.7080213903743315,WR237,14,,1.1,278,539,408.5,130.5
663,Carsen Ryan,CLE,TE,663,1,0.7090909090909091,TE126,14,11.0,1.1,512,639,576.67,51.87
664,Terrace Marshall Jr.,MIA,WR,664,1,0.7101604278074867,WR238,14,6.0,1.0,250,569,409.5,159.5
665,Michael Wortham,JAC,WR,665,1,0.7112299465240641,WR239,14,7.0,0.0,330,797,578.33,191.8
666,Johnny Mundt,PHI,TE,666,1,0.7122994652406417,TE127,14,10.0,0.0,553,599,578.33,19.07
667,Joshua Simon,ATL,TE,667,1,0.7133689839572193,TE128,14,11.0,0.0,503,642,579.0,57.49
668,Albert Okwuegbunam Jr.,LV,TE,668,1,0.7144385026737968,TE129,14,13.0,0.0,561,609,579.33,21.17
669,Tyler Scott,LAR,WR,669,1,0.7155080213903743,WR240,14,11.0,1.5,255,573,414.0,159.0
670,Cole Turner,MIA,TE,670,1,0.7165775401069518,TE130,14,6.0,1.0,547,609,580.33,25.53
671,Tyler Johnson,DAL,WR,671,1,0.7176470588235294,WR241,14,14.0,1.1,331,799,580.67,192.34
672,Brayden Willis,SF,TE,672,1,0.718716577540107,TE131,14,8.0,0.0,577,585,580.67,3.3
673,Devin Culp,TB,TE,673,1,0.7197860962566844,TE132,14,10.0,1.2,572,597,582.33,10.66
674,Colson Yankoff,WAS,TE,674,1,0.720855614973262,TE133,14,7.0,1.1,577,594,584.33,7.13
675,Ray-Ray McCloud III,CHI,WR,675,1,0.7219251336898396,WR242,14,10.0,0.6,323,798,585.0,196.99
676,David Martin-Robinson,TEN,TE,676,1,0.7229946524064171,TE134,14,9.0,0.0,559,615,586.0,22.91
677,Brenden Bates,CLE,TE,677,1,0.7240641711229947,TE135,14,11.0,0.0,541,621,586.33,33.52
678,Hayden Rucci,SF,TE,678,1,0.7251336898395722,TE136,14,8.0,0.0,556,607,589.33,23.58
679,Hunter Long,JAC,TE,679,1,0.7262032085561497,TE137,14,7.0,1.0,580,595,589.33,6.65
680,CJ Dippre,NE,TE,680,1,0.7272727272727273,TE138,14,11.0,0.0,565,616,590.67,20.82
681,Jack Velling,ATL,TE,681,1,0.7283422459893049,TE139,14,11.0,0.0,509,665,591.67,64.03
682,Bryson Nesbit,MIN,TE,682,1,0.7294117647058823,TE140,14,6.0,0.0,543,630,591.67,36.26
683,Cameron Latu,PHI,TE,683,1,0.7304812834224599,TE141,14,10.0,1.2,571,622,594.0,21.12
684,Hassan Haskins,NE,RB,684,1,0.7315508021390374,RB169,14,11.0,1.0,363,713,594.33,163.6
685,Riley Patterson,MIA,K,685,1,0.732620320855615,K37,14,6.0,2.4,380,493,436.5,56.5
686,Kansei Matsuzawa,LV,K,686,1,0.7336898395721925,K38,14,13.0,1.0,392,489,440.5,48.5
687,Tanner Brown,NO,K,687,1,0.73475935828877,K39,14,8.0,0.6,389,494,441.5,52.5
688,Ameer Abdullah,JAC,RB,688,1,0.7358288770053476,RB170,14,7.0,0.6,459,724,599.0,108.7
689,Ko Kieft,TB,TE,689,1,0.7368983957219252,TE142,14,10.0,0.0,587,608,600.33,9.46
690,Ronnie Bell,NO,WR,690,1,0.7379679144385026,WR243,14,8.0,0.0,352,830,601.33,195.69
691,Chris Manhertz,NYG,TE,691,1,0.7390374331550802,TE143,14,8.0,0.0,586,630,604.0,18.83
692,Quintin Morris,JAC,TE,692,1,0.7401069518716578,TE144,14,7.0,1.4,584,636,604.33,22.69
693,Zach Horton,DET,TE,693,1,0.7411764705882353,TE145,14,6.0,0.0,595,618,609.0,10.03
694,Rivaldo Fairweather,ARI,TE,694,1,0.7422459893048128,TE146,14,14.0,0.0,577,645,610.33,27.78
695,Corey Kiner,ARI,RB,695,1,0.7433155080213903,RB171,14,14.0,1.0,388,764,613.0,162.17
696,Jamal Haynes,CIN,RB,696,1,0.7443850267379679,RB172,14,6.0,0.0,566,666,613.0,41.04
697,Dante Pettis,BUF,WR,697,1,0.7454545454545455,WR244,14,7.0,1.0,376,805,614.0,178.26
698,Shedrick Jackson,LV,WR,698,1,0.746524064171123,WR245,14,13.0,1.0,389,808,616.33,172.91
699,Princeton Fant,DAL,TE,699,1,0.7475935828877005,TE147,14,14.0,0.0,583,656,617.33,29.96
700,E.J. Jenkins,PHI,TE,700,1,0.7486631016042781,TE148,14,10.0,1.0,612,623,618.67,4.78
701,B.T. Potter,TB,K,701,1,0.7497326203208556,K40,14,10.0,1.0,397,549,473.0,76.0
702,Deven Thompkins,LV,WR,702,1,0.7508021390374332,WR246,14,13.0,1.0,397,806,620.0,169.01
703,Jack Westover,NE,TE,703,1,0.7518716577540107,TE149,14,11.0,0.0,575,693,620.67,51.73
704,Taysom Hill,FA,TE,704,1,0.7529411764705882,TE150,14,,0.7,462,490,476.0,14.0
705,Lance Mason,PIT,TE,705,1,0.7540106951871658,TE151,14,9.0,0.0,595,651,621.33,22.98
706,Tanner Arkin,NE,TE,706,1,0.7550802139037434,TE152,14,11.0,0.0,592,662,623.33,29.04
707,Dean Connors,LAR,RB,707,1,0.7561497326203208,RB173,14,11.0,1.0,565,711,625.33,62.24
708,Kenny Fletcher Jr.,TB,TE,708,1,0.7572192513368984,TE153,14,10.0,0.0,587,670,625.67,34.12
709,Dylan Drummond,ATL,WR,709,1,0.758288770053476,WR247,14,11.0,0.0,447,802,626.33,144.95
710,Lake McRee,PIT,TE,710,1,0.7593582887700535,TE154,14,9.0,0.0,601,654,626.67,21.67
711,Cam Grandy,CIN,TE,711,1,0.760427807486631,TE155,14,6.0,0.0,615,634,627.0,8.52
712,DJ Rogers,DAL,TE,712,1,0.7614973262032085,TE156,14,14.0,0.0,610,648,628.0,15.58
713,Tylan Wallace,CLE,WR,713,1,0.7625668449197861,WR248,14,11.0,1.0,408,815,628.33,167.85
714,James Mitchell,CAR,TE,714,1,0.7636363636363637,TE157,14,5.0,0.0,590,696,628.33,47.99
715,Chris Moore,BAL,WR,715,1,0.7647058823529411,WR249,14,13.0,0.0,385,825,629.0,182.81
716,Nick Kallerup,SEA,TE,716,1,0.7657754010695187,TE158,14,11.0,1.0,610,673,631.67,29.24
717,Tay Martin,DET,WR,717,1,0.7668449197860963,WR250,14,6.0,1.0,403,814,633.33,171.43
718,Shane Zylstra,BUF,TE,718,1,0.7679144385026738,TE159,14,7.0,1.1,633,636,634.0,1.41
719,Tom Kennedy,DET,WR,719,1,0.7689839572192514,WR251,14,6.0,0.1,427,813,637.33,159.48
720,Chase Curtis,NYJ,TE,720,1,0.7700534759358288,TE160,14,13.0,0.0,586,704,639.0,48.91
721,Quentin Moore,WAS,TE,721,1,0.7711229946524064,TE161,14,7.0,0.0,606,682,640.33,31.46
722,Zaire Mitchell-Paden,NO,TE,722,1,0.772192513368984,TE162,14,8.0,1.0,618,668,642.0,20.46
723,LaJohntay Wester,BAL,WR,723,1,0.7732620320855615,WR252,14,13.0,0.7,379,807,642.33,188.14
724,Xavier Weaver,ARI,WR,724,1,0.774331550802139,WR253,14,14.0,0.0,445,843,644.67,162.49
725,Jalin Hyatt,NYG,WR,725,1,0.7754010695187166,WR254,14,8.0,2.7,444,817,645.0,153.65
726,Zay Jones,HOU,WR,726,1,0.7764705882352941,WR255,14,8.0,1.0,351,832,645.67,210.78
727,Patrick Herbert,JAC,TE,727,1,0.7775401069518717,TE163,14,7.0,0.0,611,685,645.67,30.39
728,Thomas Fidone II,NYG,TE,728,1,0.7786096256684492,TE164,14,8.0,1.0,474,552,513.0,39.0
729,Braxton Berrios,NYG,WR,729,1,0.7796791443850267,WR256,14,8.0,0.6,402,856,646.33,186.96
730,KhaDarel Hodge,SF,WR,730,1,0.7807486631016043,WR257,14,8.0,1.2,429,821,648.67,163.5
731,Messiah Swinson,GB,TE,731,1,0.7818181818181819,TE165,14,11.0,0.0,621,679,649.0,23.72
732,Kentrel Bullock,CIN,RB,732,1,0.7828877005347593,RB174,14,6.0,0.0,569,746,653.33,72.5
733,Jakobie Keeney-James,PIT,WR,733,1,0.7839572192513369,WR258,14,9.0,0.0,411,638,524.5,113.5
734,Dontae McMillan,BAL,RB,734,1,0.7850267379679144,RB175,14,13.0,0.0,604,721,654.67,49.03
735,Carter Runyon,LV,TE,735,1,0.786096256684492,TE166,14,13.0,0.0,617,701,656.0,34.55
736,Keleki Latu,BUF,TE,736,1,0.7871657754010695,TE167,14,7.0,0.0,632,676,656.0,18.18
737,Jabari Small,DET,RB,737,1,0.788235294117647,RB176,14,6.0,0.0,368,694,531.0,163.0
738,AJ Dillon,CAR,RB,738,1,0.7893048128342246,RB177,14,5.0,0.6,603,719,660.0,47.38
739,Treyton Welch,NO,TE,739,1,0.7903743315508022,TE168,14,8.0,0.0,620,710,661.0,37.18
740,Simi Fehoko,ARI,WR,740,1,0.7914438502673797,WR259,14,14.0,1.0,521,791,665.67,111.07
741,Gunner Olszewski,NYG,WR,741,1,0.7925133689839572,WR260,14,8.0,1.1,354,734,544.0,190.0
742,Bryce Oliver,TEN,WR,742,1,0.7935828877005348,WR261,14,9.0,0.0,495,829,669.33,136.75
743,Evan Svoboda,LAC,TE,743,1,0.7946524064171123,TE169,14,7.0,0.0,627,712,669.33,34.7
744,Samori Toure,PHI,WR,744,1,0.7957219251336899,WR262,14,10.0,0.0,451,844,670.0,163.57
745,Chip Trayanum,NYJ,RB,745,1,0.7967914438502673,RB178,14,13.0,1.2,639,697,670.67,23.98
746,Cody Hardy,NO,TE,746,1,0.7978609625668449,TE170,14,8.0,0.0,625,718,671.0,37.97
747,Sterling Shepard,HOU,WR,747,1,0.7989304812834225,WR263,14,8.0,1.8,282,823,552.5,270.5
748,Patrick Gurd,LV,TE,748,1,0.8,TE171,14,13.0,0.0,624,723,672.67,40.43
749,Dallen Bentley,DEN,TE,749,1,0.8010695187165775,TE172,14,10.0,1.1,636,707,672.67,29.03
750,CJ Donaldson,NO,RB,750,1,0.8021390374331551,RB179,14,8.0,2.3,623,705,675.0,36.91
751,Brittain Brown,CHI,RB,751,1,0.8032085561497326,RB180,14,10.0,2.6,643,733,675.67,40.67
752,Jason Brownlee,KC,WR,752,1,0.8042780748663102,WR264,14,5.0,0.0,518,811,677.0,120.92
753,Jamari Thrash,CLE,WR,753,1,0.8053475935828877,WR265,14,11.0,1.1,409,722,565.5,156.5
754,Alex Bachman,LAR,WR,754,1,0.8064171122994652,WR266,14,11.0,0.0,515,820,682.33,126.27
755,Johnny Pascuzzi,LAC,TE,755,1,0.8074866310160428,TE173,14,7.0,0.0,631,732,683.67,41.35
756,Jarrett Stidham,DEN,QB,756,1,0.8085561497326204,QB65,14,10.0,0.6,429,712,570.5,141.5
757,Ryan Miller,MIA,WR,757,1,0.8096256684491978,WR267,14,6.0,1.0,399,745,572.0,173.0
758,Xavier Gipson,NYG,WR,758,1,0.8106951871657754,WR268,14,8.0,1.1,469,861,686.33,162.85
759,Hayden Large,CHI,TE,759,1,0.8117647058823529,TE174,14,10.0,0.0,637,729,686.33,37.85
760,Jimmy Holiday,KC,WR,760,1,0.8128342245989305,WR269,14,5.0,0.0,523,816,686.67,122.06
761,Gary Brightwell,CIN,RB,761,1,0.813903743315508,RB181,14,6.0,0.0,638,754,686.67,49.16
762,Will Howard,PIT,QB,762,1,0.8149732620320855,QB66,14,9.0,1.3,435,715,575.0,140.0
763,Austin Trammell,JAC,WR,763,1,0.8160427807486631,WR270,14,7.0,0.0,410,748,579.0,169.0
764,Trent Sherfield Sr.,BUF,WR,764,1,0.8171122994652407,WR271,14,7.0,0.0,514,848,693.33,137.47
765,Garrett Nussmeier,KC,QB,765,1,0.8181818181818182,QB67,14,5.0,3.9,450,723,586.5,136.5
766,Kenny Pickett,CAR,QB,766,1,0.8192513368983957,QB68,14,5.0,1.0,437,743,590.0,153.0
767,Dillon Gabriel,CLE,QB,767,1,0.8203208556149733,QB69,14,11.0,0.6,443,737,590.0,147.0
768,Sam Howell,DAL,QB,768,1,0.8213903743315508,QB70,14,14.0,0.6,459,722,590.5,131.5
769,Mitchell Trubisky,TEN,QB,769,1,0.8224598930481284,QB71,14,9.0,0.6,456,732,594.0,138.0
770,Tommy DeVito,NE,QB,770,1,0.8235294117647058,QB72,14,11.0,0.9,471,718,594.5,123.5
771,Raheem Blackshear,FA,RB,771,1,0.8245989304812834,RB182,14,,1.6,513,683,598.0,85.0
772,Drew Lock,SEA,QB,772,1,0.825668449197861,QB73,15,11.0,0.9,447,751,599.0,152.0
773,Mario Williams,FA,WR,773,1,0.8267379679144385,WR272,15,,0.0,316,883,599.5,283.5
774,Tejhaun Palmer,NE,WR,774,1,0.827807486631016,WR273,15,11.0,0.0,526,854,705.0,135.58
775,Carson Wentz,MIN,QB,775,1,0.8288770053475936,QB74,15,6.0,0.8,445,760,602.5,157.5
776,Juice Wells Jr.,ATL,WR,776,1,0.8299465240641711,WR274,15,11.0,1.1,493,714,603.5,110.5
777,Tim Jones,JAC,WR,777,1,0.8310160427807487,WR275,15,7.0,0.0,452,757,604.5,152.5
778,John Michael Gyllenborg,KC,TE,778,1,0.8320855614973262,TE175,15,5.0,1.8,499,710,604.5,105.5
779,Joshua Dobbs,DET,QB,779,1,0.8331550802139037,QB75,15,6.0,0.6,458,752,605.0,147.0
780,Salvon Ahmed,CHI,RB,780,1,0.8342245989304813,RB183,15,10.0,0.1,527,686,606.5,79.5
781,Davon Booth,CLE,RB,781,1,0.8352941176470589,RB184,15,11.0,0.0,683,748,708.67,28.24
782,Cody Schrader,DEN,RB,782,1,0.8363636363636363,RB185,15,10.0,1.0,651,765,709.67,46.6
783,Kyle Allen,BUF,QB,783,1,0.8374331550802139,QB76,15,7.0,0.8,452,769,610.5,158.5
784,Josiah Deguara,FA,TE,784,1,0.8385026737967914,TE176,15,,0.0,583,642,612.5,29.5
785,Aidan O'Connell,LV,QB,785,1,0.839572192513369,QB77,15,13.0,1.0,469,757,613.0,144.0
786,Nick Mullens,JAC,QB,786,1,0.8406417112299466,QB78,15,7.0,0.6,461,766,613.5,152.5
787,Zamir White,NO,RB,787,1,0.841711229946524,RB186,15,8.0,0.9,647,778,713.0,53.49
788,Josh Johnson,CIN,QB,788,1,0.8427807486631016,QB79,15,6.0,1.3,475,753,614.0,139.0
789,Brady Cook,NYJ,QB,789,1,0.8438502673796792,QB80,15,13.0,1.0,465,764,614.5,149.5
790,Anthony Hankerson,FA,RB,790,1,0.8449197860962567,RB187,15,,0.0,538,691,614.5,76.5
791,Malik Turner,SF,WR,791,1,0.8459893048128342,WR276,15,8.0,0.0,527,865,713.67,140.23
792,Zach Wilson,NO,QB,792,1,0.8470588235294118,QB81,15,8.0,0.6,463,770,616.5,153.5
793,Haynes King,CAR,QB,793,1,0.8481283422459893,QB82,15,5.0,0.0,473,761,617.0,144.0
794,EJ Smith,KC,RB,794,1,0.8491978609625669,RB188,15,5.0,0.0,700,740,715.33,17.61
795,Beaux Collins,ATL,WR,795,1,0.8502673796791443,WR277,15,11.0,0.0,482,872,716.33,168.65
796,Dalen Cambre,NYG,WR,796,1,0.8513368983957219,WR278,15,8.0,0.0,524,878,717.67,146.43
797,Jaden Nixon,GB,RB,797,1,0.8524064171122995,RB189,15,11.0,1.0,668,762,717.67,38.56
798,Andrew Beck,NYJ,TE,798,1,0.853475935828877,TE177,15,13.0,0.1,600,649,624.5,24.5
799,Brandon Allen,NYG,QB,799,1,0.8545454545454545,QB83,15,8.0,0.0,477,775,626.0,149.0
800,Julius Chestnut,TEN,RB,800,1,0.8556149732620321,RB190,15,9.0,0.7,699,769,723.67,32.1
801,Carson Steele,PHI,RB,801,1,0.8566844919786096,RB191,15,10.0,0.6,685,780,724.67,40.33
802,Thomas Gordon,DET,TE,802,1,0.8577540106951872,TE178,15,6.0,0.0,544,744,644.0,100.0
803,Owen Wright,HOU,RB,803,1,0.8588235294117647,RB192,15,8.0,0.0,586,702,644.0,58.0
804,Pharaoh Brown,IND,TE,804,1,0.8598930481283422,TE179,15,13.0,0.0,624,665,644.5,20.5
805,Evan Hull,ARI,RB,805,1,0.8609625668449198,RB193,15,14.0,1.7,696,782,734.33,35.72
806,Jordan Waters,LAR,RB,806,1,0.8620320855614974,RB194,15,11.0,0.0,559,747,653.0,94.0
807,Patrick Taylor Jr.,SF,RB,807,1,0.8631016042780749,RB195,15,8.0,1.3,567,750,658.5,91.5
808,Carson Towt,IND,TE,808,1,0.8641711229946524,TE180,15,13.0,0.0,574,746,660.0,86.0
809,Chris Myarick,LV,TE,809,1,0.8652406417112299,TE181,15,13.0,0.0,629,698,663.5,34.5
810,Connor Heyward,LV,TE,810,1,0.8663101604278075,TE182,15,13.0,0.1,659,678,668.5,9.5
811,Jameson Geers,ARI,TE,811,1,0.8673796791443851,TE183,15,14.0,0.0,589,755,672.0,83.0
812,Dae'Quan Wright,FA,TE,812,1,0.8684491978609625,TE184,15,,0.0,658,690,674.0,16.0
813,Layne Pryor,HOU,TE,813,1,0.8695187165775401,TE185,15,8.0,0.0,596,761,678.5,82.5
814,Jaren Kanak,TEN,TE,814,1,0.8705882352941177,TE186,15,9.0,0.0,598,762,680.0,82.0
815,Stephen Carlson,CHI,TE,815,1,0.8716577540106952,TE187,15,10.0,0.0,673,687,680.0,7.0
816,Sean McKeon,IND,TE,816,1,0.8727272727272727,TE188,15,13.0,0.0,605,756,680.5,75.5
817,Ja'Quinden Jackson,PHI,RB,817,1,0.8737967914438503,RB196,15,10.0,1.0,680,694,687.0,7.0
818,Ethan Conner,MIA,TE,818,1,0.8748663101604278,TE189,15,6.0,0.0,619,768,693.5,74.5
819,RJ Maryland,GB,TE,819,1,0.8759358288770054,TE190,15,11.0,0.0,626,771,698.5,72.5
820,Nikola Kalinic,CHI,TE,820,1,0.8770053475935828,TE191,15,10.0,0.0,628,775,701.5,73.5
821,Mark Redman,LAR,TE,821,1,0.8780748663101604,TE192,15,11.0,0.0,690,715,702.5,12.5
822,Dan Villari,LAR,TE,822,1,0.879144385026738,TE193,15,11.0,0.0,692,720,706.0,14.0
823,Terion Stewart,KC,RB,823,1,0.8802139037433155,RB197,15,5.0,0.0,698,716,707.0,9.0
824,Jacardia Wright,SEA,RB,824,1,0.881283422459893,RB198,15,11.0,0.1,665,752,708.5,43.5
825,Rohan Jones,LAR,TE,825,1,0.8823529411764706,TE194,15,11.0,0.0,699,726,712.5,13.5
826,Desmond Reid,FA,RB,826,1,0.8834224598930481,RB199,15,,0.0,700,727,713.5,13.5
827,Gus Edwards,FA,RB,827,1,0.8844919786096257,RB200,15,,1.0,687,742,714.5,27.5
828,Israel Abanikanda,DAL,RB,828,1,0.8855614973262033,RB201,15,14.0,0.9,663,767,715.0,52.0
829,Josh Kattus,CIN,TE,829,1,0.8866310160427807,TE195,15,6.0,0.0,701,735,718.0,17.0
830,Amar Johnson,LAC,RB,830,1,0.8877005347593583,RB202,15,7.0,0.0,704,736,720.0,16.0
831,Zack Moss,FA,RB,831,1,0.8887700534759359,RB203,15,,1.6,705,739,722.0,17.0
832,Jeff Caldwell,KC,WR,832,1,0.8898395721925134,WR279,15,5.0,2.1,635,810,722.5,87.5
833,Coleman Bennett,FA,RB,833,1,0.8909090909090909,RB204,15,,0.0,661,788,724.5,63.5
834,Dante Miller,NYG,RB,834,1,0.8919786096256684,RB205,15,8.0,0.0,684,773,728.5,44.5
835,Trey Sermon,ATL,RB,835,1,0.893048128342246,RB206,15,11.0,1.0,727,730,728.5,1.5
836,Kendall Milton,CIN,RB,836,1,0.8941176470588236,RB207,15,6.0,0.0,664,796,730.0,66.0
837,Jeff Wilson Jr.,FA,RB,837,1,0.895187165775401,RB208,15,,1.0,716,744,730.0,14.0
838,Royce Freeman,FA,RB,838,1,0.8962566844919786,RB209,15,,0.0,720,750,735.0,15.0
839,Nick Vannett,SEA,TE,839,1,0.8973262032085562,TE196,15,11.0,0.0,732,738,735.0,3.0
840,Trayveon Williams,DET,RB,840,1,0.8983957219251337,RB210,15,6.0,0.0,728,752,740.0,12.0
841,Damon Bankston,NYG,RB,841,1,0.8994652406417112,RB211,15,8.0,0.0,689,794,741.5,52.5
842,D'Onta Foreman,FA,RB,842,1,0.9005347593582887,RB212,15,,2.7,731,756,743.5,12.5
843,Carlos Washington Jr.,MIA,RB,843,1,0.9016042780748663,RB213,15,6.0,0.0,730,760,745.0,15.0
844,Dare Ogunbowale,LV,RB,844,1,0.9026737967914439,RB214,15,13.0,1.0,733,758,745.5,12.5
845,Chris Collier,LV,RB,845,1,0.9037433155080213,RB215,15,13.0,0.0,688,810,749.0,61.0
846,Laquon Treadwell,IND,WR,846,1,0.9048128342245989,WR280,15,13.0,0.0,691,812,751.5,60.5
847,Gregory Desrosiers,LAC,RB,847,1,0.9058823529411765,RB216,15,7.0,0.0,736,767,751.5,15.5
848,Clyde Edwards-Helaire,FA,RB,848,1,0.906951871657754,RB217,15,,1.1,737,771,754.0,17.0
849,Myles Gaskin,FA,RB,849,1,0.9080213903743316,RB218,15,,0.0,739,774,756.5,17.5
850,Sam Scott,FA,RB,850,1,0.9090909090909091,RB219,15,,0.0,738,776,757.0,19.0
851,Darrynton Evans,FA,RB,851,1,0.9101604278074866,RB220,15,,0.0,742,773,757.5,15.5
852,Tyrion Davis-Price,FA,RB,852,1,0.9112299465240642,RB221,15,,1.0,743,775,759.0,16.0
853,Camden Brown,DAL,WR,853,1,0.9122994652406418,WR281,15,14.0,1.6,740,779,759.5,19.5
854,Jashaun Corbin,DAL,RB,854,1,0.9133689839572192,RB222,15,14.0,0.0,759,763,761.0,2.0
855,Gabe Davis,FA,WR,855,1,0.9144385026737968,WR282,15,,1.0,726,809,767.5,41.5
856,D'Ernest Johnson,TEN,RB,856,1,0.9155080213903743,RB223,15,9.0,1.0,765,784,774.5,9.5
857,Dominic Richardson,NYJ,RB,857,1,0.9165775401069519,RB224,15,13.0,0.0,670,880,775.0,105.0
858,Eli Pancol,IND,WR,858,1,0.9176470588235294,WR283,15,13.0,0.0,760,819,789.5,29.5
859,Emmanuel Henderson Jr.,SEA,WR,859,1,0.9187165775401069,WR284,15,11.0,1.0,753,835,794.0,41.0
860,Isaiah Neyor,GB,WR,860,1,0.9197860962566845,WR285,15,11.0,1.0,766,826,796.0,30.0
861,Andrew Armstrong,KC,WR,861,1,0.9208556149732621,WR286,15,5.0,0.0,769,823,796.0,27.0
862,Raylen Sharpe,IND,WR,862,1,0.9219251336898395,WR287,15,13.0,0.0,772,822,797.0,25.0
863,Sederrick Cunningham,FA,WR,863,1,0.9229946524064171,WR288,15,,0.0,776,818,797.0,21.0
864,Jacob De Jesus,KC,WR,864,1,0.9240641711229947,WR289,16,5.0,0.0,779,827,803.0,24.0
865,Sahmir Hagans,IND,WR,865,1,0.9251336898395722,WR290,16,13.0,0.0,782,824,803.0,21.0
866,Omari Kelly,CHI,WR,866,1,0.9262032085561497,WR291,16,10.0,0.0,774,839,806.5,32.5
867,Anthony Smith,DAL,WR,867,1,0.9272727272727272,WR292,16,14.0,0.0,770,847,808.5,38.5
868,Brennan Presley,LAR,WR,868,1,0.9283422459893048,WR293,16,11.0,0.0,781,837,809.0,28.0
869,Kaden Prather,GB,WR,869,1,0.9294117647058824,WR294,16,11.0,1.1,786,834,810.0,24.0
870,Omari Evans,KC,WR,870,1,0.93048128342246,WR295,16,5.0,0.0,790,831,810.5,20.5
871,Tru Edwards,LAR,WR,871,1,0.9315508021390374,WR296,16,11.0,0.0,785,838,811.5,26.5
872,JP Richardson,CHI,WR,872,1,0.932620320855615,WR297,16,10.0,0.0,783,841,812.0,29.0
873,Xavier Loyd,KC,WR,873,1,0.9336898395721925,WR298,16,5.0,0.0,791,833,812.0,21.0
874,Lewis Bond,HOU,WR,874,1,0.9347593582887701,WR299,16,8.0,1.1,777,850,813.5,36.5
875,Devonte Ross,LAC,WR,875,1,0.9358288770053476,WR300,16,7.0,0.0,793,836,814.5,21.5
876,Nick Nash,WAS,WR,876,1,0.9368983957219251,WR301,16,7.0,1.0,784,846,815.0,31.0
877,Jordan Moore,CIN,WR,877,1,0.9379679144385027,WR302,16,6.0,0.0,787,845,816.0,29.0
878,Chris Hilton Jr.,GB,WR,878,1,0.9390374331550803,WR303,16,11.0,0.0,802,840,821.0,19.0
879,Brandon Smith,PIT,WR,879,1,0.9401069518716577,WR304,16,9.0,0.0,758,885,821.5,63.5
880,Sincere Brown,LAC,WR,880,1,0.9411764705882353,WR305,16,7.0,0.0,804,842,823.0,19.0
881,Jamaal Pritchett,NYJ,WR,881,1,0.9422459893048128,WR306,16,13.0,0.0,799,853,826.0,27.0
882,Jaden Bradley,WAS,WR,882,1,0.9433155080213904,WR307,16,7.0,0.0,803,852,827.5,24.5
883,Noah Thomas,CIN,WR,883,1,0.9443850267379679,WR308,16,6.0,1.1,806,849,827.5,21.5
884,Tyren Montgomery,TEN,WR,884,1,0.9454545454545454,WR309,16,9.0,0.0,789,873,831.0,42.0
885,Rashad Rochelle,SEA,WR,885,1,0.946524064171123,WR310,16,11.0,0.0,812,851,831.5,19.5
886,Brandon Johnson,LV,WR,886,1,0.9475935828877006,WR311,16,13.0,1.0,778,888,833.0,55.0
887,Josh Kelly,HOU,WR,887,1,0.948663101604278,WR312,16,8.0,0.0,808,858,833.0,25.0
888,E.J. Williams Jr.,LV,WR,888,1,0.9497326203208556,WR313,16,13.0,0.0,811,855,833.0,22.0
889,Donaven McCulley,MIA,WR,889,1,0.9508021390374332,WR314,16,6.0,0.0,807,862,834.5,27.5
890,Junior Bergen,NYJ,WR,890,1,0.9518716577540107,WR315,16,13.0,0.0,817,857,837.0,20.0
891,Caullin Lacy,NYJ,WR,891,1,0.9529411764705882,WR316,16,13.0,0.0,818,859,838.5,20.5
892,Dontae Fleming,MIN,WR,892,1,0.9540106951871657,WR317,16,6.0,0.0,797,881,839.0,42.0
893,Eric Rivers Jr.,TB,WR,893,1,0.9550802139037433,WR318,16,10.0,1.0,815,864,839.5,24.5
894,Malik McClain,NYJ,WR,894,1,0.9561497326203209,WR319,16,13.0,0.0,819,860,839.5,20.5
895,Hakeem Butler,FA,WR,895,1,0.9572192513368984,WR320,16,,0.0,813,867,840.0,27.0
896,Dillon Bell,MIN,WR,896,1,0.9582887700534759,WR321,16,6.0,0.0,801,882,841.5,40.5
897,Dane Key,DEN,WR,897,1,0.9593582887700535,WR322,16,10.0,1.0,816,870,843.0,27.0
898,AJ Henning,MIA,WR,898,1,0.960427807486631,WR323,16,6.0,0.0,820,866,843.0,23.0
899,Jordan Hudson,DAL,WR,899,1,0.9614973262032086,WR324,16,14.0,0.0,825,863,844.0,19.0
900,Quez Watkins,PHI,WR,900,1,0.9625668449197861,WR325,16,10.0,0.0,800,896,848.0,48.0
901,Danny Gray,PHI,WR,901,1,0.9636363636363636,WR326,16,10.0,0.0,828,869,848.5,20.5
902,Stephen Gosnell,BUF,WR,902,1,0.9647058823529412,WR327,16,7.0,0.0,822,876,849.0,27.0
903,Treyvhon Saunders,HOU,WR,903,1,0.9657754010695188,WR328,16,8.0,0.0,830,868,849.0,19.0
904,Trey Palmer,NO,WR,904,1,0.9668449197860962,WR329,16,8.0,1.8,809,891,850.0,41.0
905,Daniel Sobkowicz,HOU,WR,905,1,0.9679144385026738,WR330,16,8.0,0.0,832,871,851.5,19.5
906,Dennis Houston,TB,WR,906,1,0.9689839572192513,WR331,16,10.0,1.0,831,874,852.5,21.5
907,Wesley Grimes,SF,WR,907,1,0.9700534759358289,WR332,16,8.0,0.0,835,875,855.0,20.0
908,Kolbe Katsis,DEN,WR,908,1,0.9711229946524064,WR333,16,10.0,0.0,838,877,857.5,19.5
909,Nick DeGennaro,NE,WR,909,1,0.9721925133689839,WR334,16,11.0,0.0,834,884,859.0,25.0
910,Dean Patterson IV,TB,WR,910,1,0.9732620320855615,WR335,16,10.0,0.0,839,879,859.0,20.0
911,Cameron Dorner,NE,WR,911,1,0.9743315508021391,WR336,16,11.0,0.0,836,883,859.5,23.5
912,Cameron Ross,DEN,WR,912,1,0.9754010695187165,WR337,16,10.0,0.0,840,880,860.0,20.0
913,Kobe Prentice,FA,WR,913,1,0.9764705882352941,WR338,16,,0.0,845,886,865.5,20.5
914,Keelan Marion,ATL,WR,914,1,0.9775401069518717,WR339,16,11.0,0.0,841,893,867.0,26.0
915,Max Tomczak,BUF,WR,915,1,0.9786096256684492,WR340,16,7.0,0.0,847,887,867.0,20.0
916,Johnny Wilson,PHI,WR,916,1,0.9796791443850268,WR341,16,10.0,1.1,829,907,868.0,39.0
917,Hank Beatty,TEN,WR,917,1,0.9807486631016042,WR342,16,9.0,0.0,844,892,868.0,24.0
918,Kyle Dixon,NE,WR,918,1,0.9818181818181818,WR343,16,11.0,0.0,849,890,869.5,20.5
919,Ja'Mori Maclin,BUF,WR,919,1,0.9828877005347594,WR344,16,7.0,0.0,850,889,869.5,19.5
920,Jackson Meeks,DET,WR,920,1,0.983957219251337,WR345,16,6.0,0.0,842,898,870.0,28.0
921,Lance McCutcheon,TEN,WR,921,1,0.9850267379679144,WR346,16,9.0,1.0,852,895,873.5,21.5
922,Courtney Jackson,TEN,WR,922,1,0.986096256684492,WR347,16,9.0,0.0,855,894,874.5,19.5
923,Luke Floriea,CLE,WR,923,1,0.9871657754010695,WR348,16,11.0,0.0,854,899,876.5,22.5
924,Brock Rechsteiner,NO,WR,924,1,0.9882352941176471,WR349,16,8.0,0.0,857,897,877.0,20.0
925,Kole Wilson,CLE,WR,925,1,0.9893048128342246,WR350,16,11.0,0.0,860,900,880.0,20.0
926,Bryson Green,FA,WR,926,1,0.9903743315508021,WR351,16,,0.0,862,901,881.5,19.5
927,Cornelius Johnson,BAL,WR,927,1,0.9914438502673797,WR352,16,13.0,1.0,858,906,882.0,24.0
928,Xavier Guillory,BAL,WR,928,1,0.9925133689839573,WR353,16,13.0,0.0,863,902,882.5,19.5
929,Cortez Braham Jr.,BAL,WR,929,1,0.9935828877005347,WR354,16,13.0,0.0,865,903,884.0,19.0
930,Harrison Wallace III,ARI,WR,930,1,0.9946524064171123,WR355,16,14.0,0.0,866,904,885.0,19.0
931,Octavian Smith Jr.,BAL,WR,931,1,0.9957219251336898,WR356,16,13.0,0.0,867,905,886.0,19.0
932,Irv Charles,SEA,WR,932,1,0.9967914438502674,WR357,16,11.0,1.1,868,908,888.0,20.0
933,Phillip Dorsett II,LV,WR,933,1,0.9978609625668449,WR358,16,13.0,0.0,869,909,889.0,20.0
934,Trenton Irwin,SF,WR,934,1,0.9989304812834224,WR359,16,8.0,0.0,870,910,890.0,20.0
935,Ihmir Smith-Marsette,ARI,WR,935,1,1.0,WR360,16,14.0,1.0,871,911,891.0,20.0
